["METALS", {"Name": "GothamResearch", "Time": 20180922, "Text": "OPTAVIA weight loss products, called Optavia fuelings, contain concerning levels of toxic metals, as recent lab tes\u2026 https://t.co/2L4rlewYy1", "clean_text": "OPTAVIA WEIGHT LOSS PRODUCTS CALLED OPTAVIA FUELINGS CONTAIN CONCERNING LEVELS TOXIC METALS RECENT LAB TES", "count1": 1, "count2": 2, "count3": 0, "count4": 0}, {"Name": "GothamResearch", "Time": 20180920, "Text": "Medifast (NASDAQ: $med ): Like Lumber Liquidators, But With Undisclosed Toxic Metals, and A Supply Chain Twist PART\u2026 https://t.co/7VcHh5LbUl", "clean_text": "MEDIFAST NASDAQ MED LUMBER LIQUIDATORS UNDISCLOSED TOXIC METALS SUPPLY CHAIN TWIST", "count1": 1, "count2": 0, "count3": 1, "count4": 0}]