["CITRON", {"Name": "CitronResearch", "Time": 20180525, "Text": "Citron reevaluates our position on $ROKU    A LOT has changed in 6 months.  The trend to OTT cannot be ignored and\u2026 https://t.co/cmf24OTYDd", "clean_text": "CITRON REEVALUATES POSITION ROKU LOT CHANGED TREND OTT IGNORED", "count1": 0, "count2": 1, "count3": 0, "count4": 0}, {"Name": "CitronResearch", "Time": 20180524, "Text": "Citron reports on $INGN tgt price $95. Our most compelling idea in med-tech in years.  $INGN most expensive name in\u2026 https://t.co/E403bjXFJl", "clean_text": "CITRON REPORTS INGN TGT PRICE COMPELLING MEDTECH INGN EXPENSIVE", "count1": 0, "count2": 1, "count3": 0, "count4": 0}, {"Name": "CitronResearch", "Time": 20180524, "Text": "Andrew Left of Citron to be on CNBC at 12:30 EST with @ScottWapnerCNBC to discuss new report.  https://t.co/NKIbRY8ziP", "clean_text": "ANDREW CITRON CNBC @SCOTTWAPNERCNBC DISCUSS REPORT", "count1": 1, "count2": 1, "count3": 0, "count4": 0}, {"Name": "CitronResearch", "Time": 20180521, "Text": "$SHOP Citron loves when the WSJ validates our research.   How long will $FB tolerate this BS?? $SHOP hyper growth b\u2026 https://t.co/DsIaVNP4U7", "clean_text": "SHOP CITRON WSJ VALIDATES RESEARCH LONG FB TOLERATE BS SHOP HYPER GROWTH", "count1": 0, "count2": 1, "count3": 0, "count4": 0}]