["LONG", {"Name": "HedgeyeENERGY", "Time": 20180330, "Text": "So long FinTwit - you've been great, made this job more fun and interesting.  best of luck all, cheers! - KK (4/4)", "clean_text": "LONG FINTWIT YOUVE GREAT JOB FUN INTERESTING BEST LUCK CHEERS KK", "count1": 0, "count2": 1, "count3": 0, "count4": 0}, {"Name": "HedgeyeENERGY", "Time": 20180322, "Text": "Eighteen years, five wells, output zero: Zion's long quest for oil in Israel $ZN https://t.co/7RAuUy6u6H via @FT", "clean_text": "EIGHTEEN FIVE WELLS OUTPUT ZERO ZION LONG QUEST OIL ISRAEL ZN @FT", "count1": 0, "count2": 1, "count3": 0, "count4": 0}]