["@ONETWOKO", {"Name": "TMTanalyst", "Time": 20180226, "Text": "@zerobeta @onetwoko Reading red sparrow now and loving it. If you haven\u2019t read ready player one give that a try", "clean_text": "@ZEROBETA @ONETWOKO RED SPARROW LOVING PLAYER", "count1": 1, "count2": 0, "count3": 0, "count4": 0}, {"Name": "TMTanalyst", "Time": 20180226, "Text": "@zerobeta @onetwoko I am 80% done with red sparrow and bought th e sequel this afternoon.", "clean_text": "@ZEROBETA @ONETWOKO 80% RED SPARROW BOUGHT SEQUEL AFTERNOON", "count1": 1, "count2": 0, "count3": 0, "count4": 0}]