["COUNTS", {"Name": "CitronResearch", "Time": 20181226, "Text": "$FB Backing up the sleigh.  $160 tgt.  Citron presents the only information that counts on $FB looking past the rhe\u2026 https://t.co/CLnUVa9s4C", "clean_text": "FB BACKING SLEIGH TGT CITRON PRESENTS INFORMATION COUNTS FB PAST RHE", "count1": 0, "count2": 1, "count3": 1, "count4": 2}, {"Name": "ActivistShorts", "Time": 20181218, "Text": "Andrew Left @CitronResearch is long Aphria $APH on two counts: 1) no-one has left the company and the internal inve\u2026 https://t.co/Z3W9GEiDIK", "clean_text": "ANDREW @CITRONRESEARCH LONG APHRIA APH COUNTS NOONE COMPANY INTERNAL INVE", "count1": 0, "count2": 0, "count3": 1, "count4": 0}]