["ACTHAR", {"Name": "CitronResearch", "Time": 20181126, "Text": "$MNK has just FAILED it's only real clinical trial of Acthar. Mallinckrodt has failed to disclose.  Citron will fol\u2026 https://t.co/bss1GLKJ3i", "clean_text": "MNK FAILED CLINICAL TRIAL ACTHAR MALLINCKRODT FAILED DISCLOSE CITRON FOL", "count1": 1, "count2": 0, "count3": 2, "count4": 0}, {"Name": "CitronResearch", "Time": 20181126, "Text": "$MNK failed clinical studies comes weeks after OIG publishes that Acthar is a drug based on a history of \"fraud and\u2026 https://t.co/z0ZoLZXbca", "clean_text": "MNK FAILED CLINICAL WEEKS OIG PUBLISHES ACTHAR DRUG BASED FRAUD", "count1": 1, "count2": 0, "count3": 1, "count4": 0}]