["@NONRELATEDSENSE", {"Name": "FundyLongShort", "Time": 20180906, "Text": "@Nonrelatedsense We have more and more people asking about this stuff.", "clean_text": "@NONRELATEDSENSE ASKING STUFF", "count1": 0, "count2": 1, "count3": 0, "count4": 0}, {"Name": "FundyLongShort", "Time": 20180831, "Text": "@Nonrelatedsense @dougtee Exactly.  We must stand against this scourge.", "clean_text": "@NONRELATEDSENSE @DOUGTEE EXACTLY MUST STAND AGAINST SCOURGE", "count1": 0, "count2": 1, "count3": 0, "count4": 0}]