["LETTER", {"Name": "Carl_C_Icahn", "Time": 20180109, "Text": "Read our letter to the Board of Directors of SandRidge Energy here: https://t.co/jNnQBF2Nb6", "clean_text": "LETTER BOARD DIRECTORS SANDRIDGE ENERGY", "count1": 0, "count2": 1, "count3": 0, "count4": 0}, {"Name": "CopperfieldRscr", "Time": 20180108, "Text": "$TCX NEOs confess this presents \"significant risk\" in depositions. $TCX own attorneys stated in a letter, it could\u2026 https://t.co/VLqTPBcyAy", "clean_text": "TCX NEOS CONFESS PRESENTS SIGNIFICANT RISK DEPOSITIONS TCX ATTORNEYS STATED LETTER", "count1": 0, "count2": 1, "count3": 0, "count4": 0}, {"Name": "CopperfieldRscr", "Time": 20180108, "Text": "$TCX OWN attorneys sent a letter to Namecheap admitting that the domains would be transferred. Given materiality, w\u2026 https://t.co/33Nl0Nvkfo", "clean_text": "TCX ATTORNEYS SENT LETTER NAMECHEAP ADMITTING DOMAINS TRANSFERRED GIVEN MATERIALITY", "count1": 0, "count2": 1, "count3": 0, "count4": 0}]