["@BALLMATTHEW", {"Name": "TMTanalyst", "Time": 20181211, "Text": "@RichBTIG @ballmatthew @Nickelodeon @iamjojo @Target Why does the bio on her website and wiki make no mention of ni\u2026 https://t.co/BieZFAN9f2", "clean_text": "@RICHBTIG @BALLMATTHEW @NICKELODEON @IAMJOJO @TARGET BIO WIKI MENTION NI", "count1": 1, "count2": 1, "count3": 1, "count4": 1}, {"Name": "TMTanalyst", "Time": 20181211, "Text": "@RichBTIG @ballmatthew @Nickelodeon @iamjojo @Target I\u2019m not the one using incorrect links.", "clean_text": "@RICHBTIG @BALLMATTHEW @NICKELODEON @IAMJOJO @TARGET INCORRECT LINKS", "count1": 1, "count2": 1, "count3": 1, "count4": 1}]