["REPORT", {"Name": "KerrisdaleCap", "Time": 20180801, "Text": "$I: Since releasing our report, we\u2019ve had countless conversations with sellside, buyside and additional industry ex\u2026 https://t.co/K2em3lZq7j", "clean_text": "RELEASING REPORT COUNTLESS CONVERSATIONS SELLSIDE BUYSIDE ADDITIONAL INDUSTRY EX", "count1": 0, "count2": 0, "count3": 0, "count4": 1}, {"Name": "ActivistShorts", "Time": 20180730, "Text": "RT @GlassH_Research: Since our report was published in late 2016, Electronics for Imaging $EFII missed earnings estimates in 6 straight Qs,\u2026", "clean_text": "@GLASSH_RESEARCH REPORT PUBLISHED LATE ELECTRONICS IMAGING EFII MISSED EARNINGS ESTIMATES STRAIGHT QS", "count1": 0, "count2": 0, "count3": 0, "count4": 1}]