["ACTIVIST", {"Name": "ActivistShorts", "Time": 20180209, "Text": "Of note, Matt Levine cites the Activist Investing Annual Review #AIAR2018, which you can read for free here: https://t.co/f9q8YBbMgw", "clean_text": "NOTE MATT LEVINE CITES ACTIVIST INVESTING ANNUAL #AIAR2018 FREE", "count1": 1, "count2": 1, "count3": 0, "count4": 0}, {"Name": "ActivistShorts", "Time": 20180131, "Text": "RT @ActivistInsight: \u2b50\ufe0fNEW\u2b50\ufe0f\n\nThe Activist Investing Annual Review 2018, produced in association with @SRZLawFirm, is now available to down\u2026", "clean_text": "@ACTIVISTINSIGHT \u2b50\ufe0fNEW\u2b50\ufe0f ACTIVIST INVESTING ANNUAL PRODUCED ASSOCIATION @SRZLAWFIRM AVAILABLE DOWN", "count1": 1, "count2": 1, "count3": 0, "count4": 0}]