["@NONRELATEDSENSE", {"Name": "FundyLongShort", "Time": 20180823, "Text": "@Nonrelatedsense Hilarious.  Keep this stuff coming.", "clean_text": "@NONRELATEDSENSE HILARIOUS STUFF", "count1": 1, "count2": 0, "count3": 0, "count4": 0}, {"Name": "FundyLongShort", "Time": 20180816, "Text": "@Nonrelatedsense @jonathanmaze Hard pass for me on anyone/thing Ayn Rand-related.", "clean_text": "@NONRELATEDSENSE @JONATHANMAZE HARD PASS ANYONETHING AYN RANDRELATED", "count1": 1, "count2": 0, "count3": 0, "count4": 0}]