["STATEMENT", {"Name": "Carl_C_Icahn", "Time": 20180220, "Text": "We just released a statement (including other important information) on $XRX \u2013 available here: https://t.co/skyIKwaGVv", "clean_text": "RELEASED STATEMENT INCLUDING IMPORTANT INFORMATION XRX AVAILABLE", "count1": 0, "count2": 0, "count3": 0, "count4": 1}, {"Name": "Carl_C_Icahn", "Time": 20180212, "Text": "We just released a statement (including other important information) on $XRX \u2013 available here: https://t.co/HRE1WRsB19", "clean_text": "RELEASED STATEMENT INCLUDING IMPORTANT INFORMATION XRX AVAILABLE", "count1": 0, "count2": 0, "count3": 0, "count4": 1}]