["FEATURING", {"Name": "ActivistShorts", "Time": 20180126, "Text": "RT @ActivistInsight: #ActivismThisWeek\n\ud83d\uddd3\ufe0fFriday January 26, 2018\n\nFeaturing:\n\ud83c\udf99\ufe0fAll the talking points from @SkytopStrat's Shareholder Activ\u2026", "clean_text": "@ACTIVISTINSIGHT #ACTIVISMTHISWEEK \ud83d\uddd3\ufe0fFRIDAY JANUARY FEATURING \ud83c\udf99\ufe0fALL POINTS @SKYTOPSTRAT SHAREHOLDER ACTIV", "count1": 0, "count2": 0, "count3": 0, "count4": 1}, {"Name": "ActivistShorts", "Time": 20180123, "Text": "Featuring, as always, an update on activist short selling. Subscribe to our mailing list to get this in your inbox\u2026 https://t.co/5EqOSxuoJQ", "clean_text": "FEATURING UPDATE ACTIVIST SHORT SELLING SUBSCRIBE MAILING INBOX", "count1": 0, "count2": 0, "count3": 0, "count4": 1}]