["@ACTIVISTINSIGHT", {"Name": "ActivistShorts", "Time": 20180313, "Text": "RT @ActivistInsight: Yesterday on Activist Insight Online we reported that General Electric is exploring the sale of its electrical enginee\u2026", "clean_text": "@ACTIVISTINSIGHT YESTERDAY ACTIVIST INSIGHT ONLINE REPORTED GENERAL ELECTRIC EXPLORING SALE ELECTRICAL ENGINEE", "count1": 1, "count2": 1, "count3": 0, "count4": 0}, {"Name": "ActivistShorts", "Time": 20180313, "Text": "Will Trian support the proposed sale of $GE's electrical engineering business?\n\nHave your say in @ActivistInsight's\u2026 https://t.co/1AlXI5qYSD", "clean_text": "TRIAN SUPPORT PROPOSED SALE GE ELECTRICAL ENGINEERING BUSINESS @ACTIVISTINSIGHT", "count1": 1, "count2": 1, "count3": 0, "count4": 0}, {"Name": "ActivistShorts", "Time": 20180307, "Text": "Will more companies settle with activists in 2018?\n\nHave your say in @ActivistInsight's latest poll: https://t.co/WJUNAUkSWs", "clean_text": "COMPANIES SETTLE ACTIVISTS @ACTIVISTINSIGHT POLL", "count1": 0, "count2": 1, "count3": 0, "count4": 0}]