["@CORINNA_F", {"Name": "FundyLongShort", "Time": 20180412, "Text": "@Nonrelatedsense @BarbarianCap @Corinna_F We need more reports on your endeavors.", "clean_text": "@NONRELATEDSENSE @BARBARIANCAP @CORINNA_F REPORTS ENDEAVORS", "count1": 0, "count2": 0, "count3": 1, "count4": 0}, {"Name": "FundyLongShort", "Time": 20180412, "Text": "@Nonrelatedsense @BarbarianCap @Corinna_F Oh man, that's terrible.", "clean_text": "@NONRELATEDSENSE @BARBARIANCAP @CORINNA_F TERRIBLE", "count1": 0, "count2": 0, "count3": 1, "count4": 0}]