["GIVEN", {"Name": "CopperfieldRscr", "Time": 20180108, "Text": "$TCX OWN attorneys sent a letter to Namecheap admitting that the domains would be transferred. Given materiality, w\u2026 https://t.co/33Nl0Nvkfo", "clean_text": "TCX ATTORNEYS SENT LETTER NAMECHEAP ADMITTING DOMAINS TRANSFERRED GIVEN MATERIALITY", "count1": 0, "count2": 1, "count3": 1, "count4": 0}, {"Name": "HedgeyeENERGY", "Time": 20171229, "Text": "RT @MLPguy: Alerian MLP index finishes down 6.5% for 2017, including distributions, not the worst year ever, but disappointing given the ra\u2026", "clean_text": "@MLPGUY ALERIAN MLP INDEX FINISHES DOWN 65% INCLUDING DISTRIBUTIONS WORST DISAPPOINTING GIVEN RA", "count1": 1, "count2": 0, "count3": 1, "count4": 0}]