["LONG", {"Name": "UnderwaterCap", "Time": 20181020, "Text": "RT @MapleLeafCap: (0)This is a long follow-up post about DICE to walk through a few updated thoughts. As usual, I personally own DICE token\u2026", "clean_text": "@MAPLELEAFCAP 0THIS LONG FOLLOWUP POST DICE WALK UPDATED THOUGHTS USUAL PERSONALLY DICE TOKEN", "count1": 0, "count2": 2, "count3": 0, "count4": 1}, {"Name": "CitronResearch", "Time": 20181011, "Text": "Long $PYX- tgt $65  Altria's interest in Aphria shows maturation of old tobacco.  Pyxus has most to gain with a def\u2026 https://t.co/n48lbIc04T", "clean_text": "LONG PYX TGT ALTRIA INTEREST APHRIA MATURATION OLD TOBACCO PYXUS GAIN DEF", "count1": 0, "count2": 0, "count3": 0, "count4": 1}, {"Name": "CitronResearch", "Time": 20181008, "Text": "$PYX would not short...speculative long. Real management and tight float. The stock could double from here as long\u2026 https://t.co/GrSRUcVRGD", "clean_text": "PYX SHORTSPECULATIVE LONG MANAGEMENT TIGHT FLOAT STOCK DOUBLE LONG", "count1": 0, "count2": 0, "count3": 0, "count4": 2}]