["@SCOTTWAPNERCNBC", {"Name": "CitronResearch", "Time": 20180524, "Text": "Andrew Left of Citron to be on CNBC at 12:30 EST with @ScottWapnerCNBC to discuss new report.  https://t.co/NKIbRY8ziP", "clean_text": "ANDREW CITRON CNBC @SCOTTWAPNERCNBC DISCUSS REPORT", "count1": 1, "count2": 0, "count3": 0, "count4": 1}, {"Name": "Carl_C_Icahn", "Time": 20180521, "Text": "I\u2019ll be speaking with @ScottWapnerCNBC today at 12:15pmET on @CNBC \u2019s @HalftimeReport report.", "clean_text": "ILL SPEAKING @SCOTTWAPNERCNBC 1215PMET @CNBC @HALFTIMEREPORT REPORT", "count1": 1, "count2": 0, "count3": 0, "count4": 0}]