["CANADA", {"Name": "CitronResearch", "Time": 20180914, "Text": "Namaste $N Canada.  Some cannabis stocks are overvalued, and some are total jokes.  This is a joke Drop it like its\u2026 https://t.co/IxeM0PdSSL", "clean_text": "NAMASTE CANADA CANNABIS STOCKS OVERVALUED JOKES JOKE DROP", "count1": 0, "count2": 1, "count3": 1, "count4": 0}, {"Name": "CitronResearch", "Time": 20180914, "Text": "$N, Canada. urgent update: Quebec newspaper highlights Namaste's illegal activities and Quebec investigation in $N\u2026 https://t.co/47bch2f9nL", "clean_text": "CANADA URGENT UPDATE QUEBEC NEWSPAPER HIGHLIGHTS NAMASTE ILLEGAL ACTIVITIES QUEBEC INVESTIGATION", "count1": 0, "count2": 1, "count3": 1, "count4": 2}]