["SHORT", {"Name": "ActivistShorts", "Time": 20180725, "Text": "Shares in this former Third Point target down 4% on a new short report. https://t.co/5f6Sr9G7Aq", "clean_text": "SHARES FORMER THIRD POINT TARGET DOWN 4% SHORT REPORT", "count1": 1, "count2": 1, "count3": 1}, {"Name": "ActivistShorts", "Time": 20180724, "Text": "RT @ActivistInsight: \u2b50\ufe0fNEW POLL | Which short seller should companies look out for in the second half of 2018?\n\n@muddywatersre, @blueorcain\u2026", "clean_text": "@ACTIVISTINSIGHT \u2b50\ufe0fNEW POLL SHORT SELLER COMPANIES SECOND HALF @MUDDYWATERSRE @BLUEORCAIN", "count1": 0, "count2": 0, "count3": 1}]