["TCX", {"Name": "CopperfieldRscr", "Time": 20180214, "Text": "We will be sharing thoughts on some updated \"issues\" at $TCX soon, but a few thoughts on the quarter in light of  a\u2026 https://t.co/VMi8bYFNkL", "clean_text": "SHARING THOUGHTS UPDATED ISSUES TCX THOUGHTS LIGHT", "count1": 0, "count2": 1, "count3": 0, "count4": 0}, {"Name": "CopperfieldRscr", "Time": 20180214, "Text": "$TCX recognized a $3.9 million benefit from a portfolio sale that was not contemplated in guidance. This resulted i\u2026 https://t.co/Db2qFEacOp", "clean_text": "TCX RECOGNIZED BENEFIT PORTFOLIO SALE CONTEMPLATED GUIDANCE RESULTED", "count1": 0, "count2": 1, "count3": 0, "count4": 0}, {"Name": "CopperfieldRscr", "Time": 20180214, "Text": "$TCX \"headline\" print of $1.06 includes a $0.55 tax benefit. When excluded, the company made $0.51 in Q4 vs the ana\u2026 https://t.co/zWpf5xfHug", "clean_text": "TCX HEADLINE PRINT INCLUDES TAX BENEFIT EXCLUDED COMPANY ANA", "count1": 0, "count2": 1, "count3": 0, "count4": 0}, {"Name": "CopperfieldRscr", "Time": 20180214, "Text": "Beyond the quarter, $TCX bulls believe $TCX will do $80M of EBITDA in 2018 (the stock has an EV approaching $750M a\u2026 https://t.co/UPgpcMArwa", "clean_text": "TCX BULLS BELIEVE TCX 80M EBITDA STOCK EV APPROACHING 750M", "count1": 0, "count2": 2, "count3": 0, "count4": 0}, {"Name": "CopperfieldRscr", "Time": 20180214, "Text": "Finally, we will address the $TCX \"thesis\" being promulgated by a bull that is a goofy SOTP anchoring to $80M of EB\u2026 https://t.co/vGf4fw9R7b", "clean_text": "ADDRESS TCX THESIS PROMULGATED BULL GOOFY SOTP ANCHORING 80M EB", "count1": 0, "count2": 1, "count3": 0, "count4": 0}]