["PERSHING", {"Name": "KerrisdaleCap", "Time": 20180419, "Text": "Congrats to the winners of the @BillAckman @Columbia_Biz Pershing Square Short Selling Challenge, who pitched $SRCL\u2026 https://t.co/WXGIiTWYZo", "clean_text": "CONGRATS WINNERS @BILLACKMAN @COLUMBIA_BIZ PERSHING SQUARE SHORT SELLING CHALLENGE PITCHED SRCL", "count1": 0, "count2": 0, "count3": 1, "count4": 0}, {"Name": "ActivistShorts", "Time": 20180419, "Text": "RT @KerrisdaleCap: Congrats to the winners of the @BillAckman @Columbia_Biz Pershing Square Short Selling Challenge, who pitched $SRCL. Enj\u2026", "clean_text": "@KERRISDALECAP CONGRATS WINNERS @BILLACKMAN @COLUMBIA_BIZ PERSHING SQUARE SHORT SELLING CHALLENGE PITCHED SRCL ENJ", "count1": 0, "count2": 0, "count3": 1, "count4": 0}]