["SEGMENT", {"Name": "ActivistShorts", "Time": 20181112, "Text": "The Activist Insight Podcast features a segment on an activist short selling campaign each month. \n\nThis month the\u2026 https://t.co/Cb5oXdjjtx", "clean_text": "ACTIVIST INSIGHT PODCAST FEATURES SEGMENT ACTIVIST SHORT SELLING CAMPAIGN", "count1": 0, "count2": 0, "count3": 0, "count4": 1}, {"Name": "Carl_C_Icahn", "Time": 20181108, "Text": "@davidfaber @davidfaber you should realize that the funds comprising our investment segment are only a small part o\u2026 https://t.co/3r49lvuE7N", "clean_text": "@DAVIDFABER @DAVIDFABER REALIZE FUNDS COMPRISING INVESTMENT SEGMENT SMALL", "count1": 0, "count2": 0, "count3": 0, "count4": 1}]