["DOWN", {"Name": "HedgeyeENERGY", "Time": 20180104, "Text": "@HedgeyeIndstrls you know it's a tough environment for shorts when $TSLA won't go down on anything", "clean_text": "@HEDGEYEINDSTRLS TOUGH ENVIRONMENT SHORTS TSLA DOWN", "count1": 0, "count2": 0, "count3": 0, "count4": 1}, {"Name": "HedgeyeENERGY", "Time": 20171229, "Text": "RT @MLPguy: Alerian MLP index finishes down 6.5% for 2017, including distributions, not the worst year ever, but disappointing given the ra\u2026", "clean_text": "@MLPGUY ALERIAN MLP INDEX FINISHES DOWN 65% INCLUDING DISTRIBUTIONS WORST DISAPPOINTING GIVEN RA", "count1": 0, "count2": 0, "count3": 0, "count4": 1}]