["LETTER", {"Name": "Carl_C_Icahn", "Time": 20180507, "Text": "We just released an open letter (including other important information) to shareholders of $XRX \u2013 available here: https://t.co/cZctpxSlHN", "clean_text": "RELEASED OPEN LETTER INCLUDING IMPORTANT INFORMATION SHAREHOLDERS XRX AVAILABLE", "count1": 0, "count2": 0, "count3": 0, "count4": 1}, {"Name": "Carl_C_Icahn", "Time": 20180504, "Text": "We just released an open letter (including other important information) to shareholders of $XRX \u2013 available here: https://t.co/TKzltX6b6G", "clean_text": "RELEASED OPEN LETTER INCLUDING IMPORTANT INFORMATION SHAREHOLDERS XRX AVAILABLE", "count1": 0, "count2": 0, "count3": 0, "count4": 1}, {"Name": "Carl_C_Icahn", "Time": 20180425, "Text": "See my letter in today\u2019s @washingtonpost.  Despite suggestive headline there is no rift between @POTUS and me. https://t.co/8QOecZzP5f", "clean_text": "LETTER TODAYS @WASHINGTONPOST DESPITE SUGGESTIVE HEADLINE RIFT @POTUS", "count1": 0, "count2": 0, "count3": 0, "count4": 1}]