["@MICHAELJOBE", {"Name": "KerrisdaleCap", "Time": 20180713, "Text": "RT @MichaelJobe: Comments from the FCC Commissioner today. \"I wish we were voting on this item today.\" This is very interesting for Intelsa\u2026", "clean_text": "@MICHAELJOBE COMMENTS FCC COMMISSIONER WISH VOTING ITEM INTERESTING INTELSA", "count1": 1, "count2": 0, "count3": 0, "count4": 1}, {"Name": "KerrisdaleCap", "Time": 20180713, "Text": "@stockalerts001 @MichaelJobe I expect FCC final order in Q1 \u201819", "clean_text": "@STOCKALERTS001 @MICHAELJOBE EXPECT FCC FINAL ORDER Q1", "count1": 0, "count2": 0, "count3": 0, "count4": 1}]