["TCX", {"Name": "CopperfieldRscr", "Time": 20180108, "Text": "Today we publish our first report on $TCX - Mind boggling situation (we are short). https://t.co/Elx6jUoG4L", "clean_text": "PUBLISH REPORT TCX MIND BOGGLING SITUATION SHORT", "count1": 0, "count2": 1, "count3": 0, "count4": 0}, {"Name": "CopperfieldRscr", "Time": 20180108, "Text": "Tucows Inc. ($TCX): Cashing in on Neo-Nazis, Child Porn, &amp; A Hidden Lawsuit as Insiders Dump - Report can be found\u2026 https://t.co/HUSu5HpFL3", "clean_text": "TUCOWS INC TCX CASHING NEONAZIS PORN AMP HIDDEN LAWSUIT INSIDERS DUMP REPORT FOUND", "count1": 0, "count2": 1, "count3": 0, "count4": 0}, {"Name": "CopperfieldRscr", "Time": 20180108, "Text": "$TCX has hidden a material lawsuit from shareholders. At risk our 11%+ of its domains business. Suit not on Pacer,\u2026 https://t.co/kJwDD7TJkG", "clean_text": "TCX HIDDEN MATERIAL LAWSUIT SHAREHOLDERS RISK 11%+ DOMAINS BUSINESS SUIT PACER", "count1": 0, "count2": 1, "count3": 0, "count4": 0}, {"Name": "CopperfieldRscr", "Time": 20180108, "Text": "$TCX NEOs confess this presents \"significant risk\" in depositions. $TCX own attorneys stated in a letter, it could\u2026 https://t.co/VLqTPBcyAy", "clean_text": "TCX NEOS CONFESS PRESENTS SIGNIFICANT RISK DEPOSITIONS TCX ATTORNEYS STATED LETTER", "count1": 0, "count2": 2, "count3": 0, "count4": 0}, {"Name": "CopperfieldRscr", "Time": 20180108, "Text": "$TCX also guilty of openly enabling and supporting Neo-Nazis and Fascists... and Pedophiles https://t.co/jx25cyceY6", "clean_text": "TCX GUILTY OPENLY ENABLING SUPPORTING NEONAZIS FASCISTS PEDOPHILES", "count1": 0, "count2": 1, "count3": 0, "count4": 0}, {"Name": "CopperfieldRscr", "Time": 20180108, "Text": "While $TCX compliance appears highly inexperienced (domains compliance is a Club DJ on the side, while Holdco Compl\u2026 https://t.co/ftD6aO0ZlC", "clean_text": "TCX COMPLIANCE HIGHLY INEXPERIENCED DOMAINS COMPLIANCE CLUB DJ SIDE HOLDCO COMPL", "count1": 0, "count2": 1, "count3": 0, "count4": 0}, {"Name": "CopperfieldRscr", "Time": 20180108, "Text": "And $TCX has an undisclosed 50/50 JV that has been accused of shill bidding... We believe it was $5M of eNom revs a\u2026 https://t.co/3g7UF1pc4v", "clean_text": "TCX UNDISCLOSED JV ACCUSED SHILL BIDDING BELIEVE 5M ENOM REVS", "count1": 0, "count2": 1, "count3": 0, "count4": 0}, {"Name": "CopperfieldRscr", "Time": 20180108, "Text": "The lawsuit was material and $TCX mgmt knew about it as far back as January 20, 2017 https://t.co/6z5lMH7IK9", "clean_text": "LAWSUIT MATERIAL TCX MGMT KNEW JANUARY", "count1": 0, "count2": 1, "count3": 0, "count4": 0}, {"Name": "CopperfieldRscr", "Time": 20180108, "Text": "$TCX has reported 69% growth - screens very well... but public filings analysis shows organic growth is negative 4%\u2026 https://t.co/VhLqVfWv0a", "clean_text": "TCX REPORTED 69% GROWTH SCREENS WELL PUBLIC FILINGS ANALYSIS ORGANIC GROWTH NEGATIVE 4%", "count1": 0, "count2": 1, "count3": 0, "count4": 0}, {"Name": "CopperfieldRscr", "Time": 20180108, "Text": "$TCX a situation that would make @CitronResearch cringe.... https://t.co/fvYQOsfW54", "clean_text": "TCX SITUATION @CITRONRESEARCH CRINGE", "count1": 0, "count2": 1, "count3": 0, "count4": 0}, {"Name": "CopperfieldRscr", "Time": 20180108, "Text": "Our $TCX abbreviated report can be found here - https://t.co/M8bV6t94yY\n\nFull Report here - https://t.co/UXNty2UwWI", "clean_text": "TCX ABBREVIATED REPORT FOUND FULL REPORT", "count1": 0, "count2": 1, "count3": 0, "count4": 0}, {"Name": "CopperfieldRscr", "Time": 20180108, "Text": "Here is what David Woroch, Head of $TCX Domains had to say about the Namecheap litigation in his deposition: \"These\u2026 https://t.co/5755QYUFaB", "clean_text": "DAVID WOROCH HEAD TCX DOMAINS NAMECHEAP LITIGATION DEPOSITION", "count1": 0, "count2": 1, "count3": 0, "count4": 0}, {"Name": "CopperfieldRscr", "Time": 20180108, "Text": "In King Superior Court (12/21), $TCX was ordered to transfer domains to Namecheap (11% of all domains). Their stay\u2026 https://t.co/9znDbQvEEF", "clean_text": "KING SUPERIOR COURT TCX ORDERED TRANSFER DOMAINS NAMECHEAP 11% DOMAINS STAY", "count1": 0, "count2": 1, "count3": 0, "count4": 0}, {"Name": "CopperfieldRscr", "Time": 20180108, "Text": "$TCX OWN attorneys sent a letter to Namecheap admitting that the domains would be transferred. Given materiality, w\u2026 https://t.co/33Nl0Nvkfo", "clean_text": "TCX ATTORNEYS SENT LETTER NAMECHEAP ADMITTING DOMAINS TRANSFERRED GIVEN MATERIALITY", "count1": 0, "count2": 1, "count3": 1, "count4": 0}, {"Name": "CopperfieldRscr", "Time": 20180108, "Text": "Amazingly, $TCX core biz is almost as bad as the stench of nondisclosures, immoral approach to registrar, and insid\u2026 https://t.co/GLxeP2XIfO", "clean_text": "AMAZINGLY TCX CORE BIZ BAD STENCH NONDISCLOSURES IMMORAL APPROACH REGISTRAR INSID", "count1": 0, "count2": 1, "count3": 0, "count4": 0}]