["CONFERENCE", {"Name": "ActivistShorts", "Time": 20181203, "Text": "Activist Insight Shorts is live from @KaseLearning short selling conference in New York, where @QCMFunds and\u2026 https://t.co/UsCrOfKSCr", "clean_text": "ACTIVIST INSIGHT SHORTS @KASELEARNING SHORT SELLING CONFERENCE @QCMFUNDS", "count1": 0, "count2": 0, "count3": 0, "count4": 1}, {"Name": "ActivistShorts", "Time": 20181203, "Text": "At @KaseLearning's short conference, we provided a data sheet showing how many activist short campaigns we've track\u2026 https://t.co/XbKc35x71F", "clean_text": "@KASELEARNING SHORT CONFERENCE PROVIDED DATA SHEET SHOWING ACTIVIST SHORT CAMPAIGNS TRACK", "count1": 0, "count2": 0, "count3": 0, "count4": 1}]