["WARRANTS", {"Name": "CopperfieldRscr", "Time": 20180830, "Text": "While $CRON EV is illogical as @citron points out, based on penny warrants &amp; options, it is actually outrageous (mu\u2026 https://t.co/C5HItRmb15", "clean_text": "CRON EV ILLOGICAL @CITRON POINTS BASED PENNY WARRANTS AMP OPTIONS OUTRAGEOUS MU", "count1": 0, "count2": 1, "count3": 1, "count4": 0}, {"Name": "CopperfieldRscr", "Time": 20180830, "Text": "In fact based on egregious self-enrichment, $CRON has 27.2M penny warrants out to \u201ccronies\u201d with an avg exercise pr\u2026 https://t.co/FNYBM8ROEs", "clean_text": "FACT BASED EGREGIOUS SELFENRICHMENT CRON 272M PENNY WARRANTS CRONIES\u201d AVG PR", "count1": 0, "count2": 1, "count3": 1, "count4": 0}]