["CITY", {"Name": "GothamResearch", "Time": 20180927, "Text": "Medifast products contain contaminants: so what? Answer:  Gotham City Research has obtained irrefutable evidence th\u2026 https://t.co/kSbtlIgwUK", "clean_text": "MEDIFAST PRODUCTS CONTAIN CONTAMINANTS ANSWER GOTHAM CITY RESEARCH OBTAINED IRREFUTABLE EVIDENCE", "count1": 0, "count2": 1, "count3": 0, "count4": 0}, {"Name": "GothamResearch", "Time": 20180921, "Text": "Gotham City Research is reviewing new $MED information received last night that further raises our concerns about (\u2026 https://t.co/uzeRCQRN2A", "clean_text": "GOTHAM CITY RESEARCH REVIEWING MED INFORMATION RECEIVED FURTHER RAISES CONCERNS", "count1": 0, "count2": 1, "count3": 0, "count4": 0}]