["STOCK", {"Name": "ActivistShorts", "Time": 20180406, "Text": "RT @IcebergResear: Nobody knows why crypto-joke $LFIN was allowed on the Nasdaq but at least the SEC does its job. Stock suspended now and\u2026", "clean_text": "@ICEBERGRESEAR NOBODY CRYPTOJOKE LFIN ALLOWED NASDAQ SEC JOB STOCK SUSPENDED", "count1": 0, "count2": 0, "count3": 1, "count4": 0}, {"Name": "CitronResearch", "Time": 20180402, "Text": "Same Group that predicted Facebook fallout predicting a crash in $W Wayfair Stock in 2018.  $W is the real tax avoi\u2026 https://t.co/ioeIgD11Xy", "clean_text": "PREDICTED FACEBOOK FALLOUT PREDICTING CRASH WAYFAIR STOCK TAX AVOI", "count1": 0, "count2": 1, "count3": 1, "count4": 0}]