["@ACTIVISTINSIGHT", {"Name": "ActivistShorts", "Time": 20180123, "Text": "RT @ActivistInsight: \u2b50\ufe0fNEW | This week's poll question:\n\nIn it's Q4 letter Third Point's @DanielSLoeb emphasized its long-held belief that\u2026", "clean_text": "@ACTIVISTINSIGHT \u2b50\ufe0fNEW POLL LETTER THIRD POINT @DANIELSLOEB EMPHASIZED LONGHELD BELIEF", "count1": 0, "count2": 0, "count3": 1, "count4": 0}, {"Name": "ActivistShorts", "Time": 20180119, "Text": "RT @lisapham: #ShortSeller @GlaucusResearch tilts to #Europe as #markets turn \u201cfrothy,\u201d while @ActivistInsight data shows activist short ca\u2026", "clean_text": "@LISAPHAM #SHORTSELLER @GLAUCUSRESEARCH TILTS #EUROPE #MARKETS TURN FROTHY\u201d @ACTIVISTINSIGHT DATA ACTIVIST SHORT CA", "count1": 0, "count2": 0, "count3": 1, "count4": 0}, {"Name": "ActivistShorts", "Time": 20180116, "Text": "RT @ActivistInsight: \u2705\u274cPOLL:\n\nWill multi-strategy hedge fund D.E. Shaw call for a strategic review at home retailer Lowe\u2019s?\n\n$LOW @DEShawGr\u2026", "clean_text": "@ACTIVISTINSIGHT \u2705\u274cPOLL MULTISTRATEGY HEDGE FUND DE SHAW STRATEGIC HOME RETAILER LOWES LOW @DESHAWGR", "count1": 0, "count2": 0, "count3": 1, "count4": 0}, {"Name": "ActivistShorts", "Time": 20180112, "Text": "RT @ActivistInsight: #ActivismThisWeek\n\ud83d\uddd3\ufe0fFriday January 12, 2018\n\nFeaturing:\n\ud83c\udd95Jana Partners and CalSTRS' venture into impact investing $AAP\u2026", "clean_text": "@ACTIVISTINSIGHT #ACTIVISMTHISWEEK \ud83d\uddd3\ufe0fFRIDAY JANUARY FEATURING \ud83c\udd95JANA PARTNERS CALSTR VENTURE IMPACT INVESTING AAP", "count1": 0, "count2": 0, "count3": 1, "count4": 0}]