["ETP", {"Name": "HedgeyeENERGY", "Time": 20180129, "Text": "another small step in the right direction for $ETP - they halted divi increases", "clean_text": "SMALL STEP DIRECTION ETP HALTED DIVI INCREASES", "count1": 0, "count2": 0, "count3": 1, "count4": 0}, {"Name": "HedgeyeENERGY", "Time": 20180125, "Text": "$SUN buying back $540MM of its units from $ETP at $31/unit.  Great deal for $ETP!", "clean_text": "SUN BUYING 540MM UNITS ETP 31UNIT GREAT DEAL ETP", "count1": 0, "count2": 0, "count3": 2, "count4": 0}, {"Name": "HedgeyeENERGY", "Time": 20180125, "Text": "Energy Transfer just did something that was positive for $ETP and negative for $ETE.  But probably bad for $SUN - t\u2026 https://t.co/55ZLsniZYF", "clean_text": "ENERGY TRANSFER POSITIVE ETP NEGATIVE ETE BAD SUN", "count1": 0, "count2": 0, "count3": 1, "count4": 0}, {"Name": "HedgeyeENERGY", "Time": 20180125, "Text": "@CapitalObserver it's not good for ETE: SUN unit count down = IDRs to ETE down.  They aren't issuing ETP units", "clean_text": "@CAPITALOBSERVER GOOD ETE SUN UNIT COUNT DOWN IDRS ETE DOWN ARENT ISSUING ETP UNITS", "count1": 0, "count2": 0, "count3": 1, "count4": 0}]