["INCLUDING", {"Name": "Carl_C_Icahn", "Time": 20180122, "Text": "We just released a statement (including other important information) on $XRX \u2013 available here: https://t.co/DRNfvJg8CZ", "clean_text": "RELEASED STATEMENT INCLUDING IMPORTANT INFORMATION XRX AVAILABLE", "count1": 0, "count2": 1, "count3": 0, "count4": 0}, {"Name": "Carl_C_Icahn", "Time": 20180118, "Text": "We just released a statement (including other important information) on $XRX \u2013 available here: https://t.co/MePX4N8T1Y", "clean_text": "RELEASED STATEMENT INCLUDING IMPORTANT INFORMATION XRX AVAILABLE", "count1": 0, "count2": 1, "count3": 0, "count4": 0}]