["IMPORTANT", {"Name": "Carl_C_Icahn", "Time": 20180618, "Text": "Read our latest letter to $SD stockholders (including other important information) here: https://t.co/JNNg6dzKIo", "clean_text": "LETTER SD STOCKHOLDERS INCLUDING IMPORTANT INFORMATION", "count1": 0, "count2": 0, "count3": 0, "count4": 1}, {"Name": "Carl_C_Icahn", "Time": 20180618, "Text": "Read our latest letter to $SD stockholders (including other important information) here: https://t.co/RwWO3usekb", "clean_text": "LETTER SD STOCKHOLDERS INCLUDING IMPORTANT INFORMATION", "count1": 0, "count2": 0, "count3": 0, "count4": 1}, {"Name": "Carl_C_Icahn", "Time": 20180615, "Text": "Read our latest letter to $SD stockholders (including other important information) here: https://t.co/DxJ1WL9skE", "clean_text": "LETTER SD STOCKHOLDERS INCLUDING IMPORTANT INFORMATION", "count1": 0, "count2": 0, "count3": 0, "count4": 1}, {"Name": "Carl_C_Icahn", "Time": 20180614, "Text": "Read our latest letter to $SD stockholders (including other important information) here: https://t.co/T5lV9Zbqm7", "clean_text": "LETTER SD STOCKHOLDERS INCLUDING IMPORTANT INFORMATION", "count1": 0, "count2": 0, "count3": 0, "count4": 1}, {"Name": "Carl_C_Icahn", "Time": 20180611, "Text": "Read our letter to the stockholders of $SD (including other important information) here: https://t.co/uF6EA1hfPZ", "clean_text": "LETTER STOCKHOLDERS SD INCLUDING IMPORTANT INFORMATION", "count1": 0, "count2": 0, "count3": 0, "count4": 1}]