["USA", {"Name": "HedgeyeENERGY", "Time": 20180214, "Text": "RT @usahockey: \ud83d\udea8\ud83d\udea8\ud83d\udea8 @Brian22ONeill scores the first goal of the tournament for #TeamUSA!\n\nUSA 1, SLO 0 https://t.co/KJLUpibOzk", "clean_text": "@USAHOCKEY @BRIAN22ONEILL SCORES GOAL TOURNAMENT #TEAMUSA USA SLO", "count1": 0, "count2": 0, "count3": 0, "count4": 1}, {"Name": "HedgeyeENERGY", "Time": 20180214, "Text": "tough loss for team USA - don't understand why you start a college kid - Donato - in 3v3 OT", "clean_text": "TOUGH LOSS TEAM USA UNDERSTAND START COLLEGE KID DONATO 3V3 OT", "count1": 0, "count2": 0, "count3": 0, "count4": 1}]