["EXAS", {"Name": "CitronResearch", "Time": 20180125, "Text": "$EXAS new info from TODAY  #PMWC2018  is a must read.  We were early buy not wrong. https://t.co/o1HXeJqmv9\nStock t\u2026 https://t.co/VfKXa76DdN", "clean_text": "EXAS INFO #PMWC2018 MUST EARLY BUY WRONG STOCK", "count1": 1, "count2": 0, "count3": 0, "count4": 0}, {"Name": "CitronResearch", "Time": 20180125, "Text": "$EXAS report up.  We acknowledge the difficulty in short selling and the need for a catalyst. You want catalysts? H\u2026 https://t.co/dUw23urZL8", "clean_text": "EXAS REPORT ACKNOWLEDGE DIFFICULTY SHORT SELLING CATALYST CATALYSTS", "count1": 1, "count2": 0, "count3": 0, "count4": 0}]