["MEDIA", {"Name": "TMTanalyst", "Time": 20181228, "Text": "@modestproposal1 I rarely see traditional brand adv on social media.", "clean_text": "@MODESTPROPOSAL1 RARELY TRADITIONAL BRAND ADV SOCIAL MEDIA", "count1": 0, "count2": 1, "count3": 0, "count4": 0}, {"Name": "CitronResearch", "Time": 20181220, "Text": "$TWTR has become Harvey Weinstein of social media. Price tgt $20  Amnesty Intl study cannot be ignored by Wall St.\u2026 https://t.co/YhlwBSuVrJ", "clean_text": "TWTR BECOME HARVEY WEINSTEIN SOCIAL MEDIA PRICE TGT AMNESTY INTL STUDY IGNORED WALL ST", "count1": 0, "count2": 1, "count3": 1, "count4": 0}]