["BILLION", {"Name": "Carl_C_Icahn", "Time": 20180416, "Text": "Today $IEP announced an agreement to sell Tropicana Entertainment for $1.85 billion. Read more: https://t.co/RXPp61fUmH", "clean_text": "IEP ANNOUNCED AGREEMENT SELL TROPICANA ENTERTAINMENT BILLION", "count1": 0, "count2": 0, "count3": 0, "count4": 1}, {"Name": "Carl_C_Icahn", "Time": 20180410, "Text": "Today $IEP reached an agreement to sell Federal-Mogul to Tenneco for $5.4 billion. Read more: https://t.co/eNVWaS3Maj", "clean_text": "IEP REACHED AGREEMENT SELL FEDERALMOGUL TENNECO BILLION", "count1": 0, "count2": 0, "count3": 0, "count4": 1}]