["SHORT", {"Name": "ActivistShorts", "Time": 20180815, "Text": "RT @probesreporter: Wise counsel.  Except with occasional trade opportunities, no serious short seller we work with counts on the SEC as a\u2026", "clean_text": "@PROBESREPORTER WISE COUNSEL EXCEPT OCCASIONAL TRADE OPPORTUNITIES SERIOUS SHORT SELLER COUNTS SEC", "count1": 0, "count2": 0, "count3": 1, "count4": 0}, {"Name": "ActivistShorts", "Time": 20180809, "Text": "RT @cablecarcapital: This from a man who called short sellers \u2018icky\u2019 last year! https://t.co/SEKu7v5kt3", "clean_text": "@CABLECARCAPITAL CALLED SHORT SELLERS ICKY", "count1": 0, "count2": 0, "count3": 1, "count4": 0}]