["SHORT", {"Name": "CitronResearch", "Time": 20180821, "Text": "$NVDA on its way to $200.  With short interest at an all time low and datacenter facing major competition not even\u2026 https://t.co/5yq85cRSsA", "clean_text": "NVDA SHORT INTEREST LOW DATACENTER FACING MAJOR COMPETITION", "count1": 0, "count2": 1, "count3": 0, "count4": 0}, {"Name": "TMTanalyst", "Time": 20180817, "Text": "@DumbLuckCapital I can\u2019t believe @GerberKawasaki wasn\u2019t on your short list", "clean_text": "@DUMBLUCKCAPITAL BELIEVE @GERBERKAWASAKI WASNT SHORT", "count1": 0, "count2": 1, "count3": 0, "count4": 0}, {"Name": "ActivistShorts", "Time": 20180815, "Text": "RT @probesreporter: Wise counsel.  Except with occasional trade opportunities, no serious short seller we work with counts on the SEC as a\u2026", "clean_text": "@PROBESREPORTER WISE COUNSEL EXCEPT OCCASIONAL TRADE OPPORTUNITIES SERIOUS SHORT SELLER COUNTS SEC", "count1": 0, "count2": 1, "count3": 0, "count4": 0}, {"Name": "ActivistShorts", "Time": 20180809, "Text": "RT @cablecarcapital: This from a man who called short sellers \u2018icky\u2019 last year! https://t.co/SEKu7v5kt3", "clean_text": "@CABLECARCAPITAL CALLED SHORT SELLERS ICKY", "count1": 0, "count2": 1, "count3": 0, "count4": 0}]