["ISSUED", {"Name": "Carl_C_Icahn", "Time": 20180525, "Text": "We just issued a statement regarding $HLF: https://t.co/W4nZbnZtui", "clean_text": "ISSUED STATEMENT REGARDING HLF", "count1": 0, "count2": 0, "count3": 1, "count4": 0}, {"Name": "Carl_C_Icahn", "Time": 20180525, "Text": "ISS Recommends Shareholders Vote Against $AFSI Going-Private. We just issued a statement (including other important\u2026 https://t.co/fq6FnRxwJM", "clean_text": "ISS RECOMMENDS SHAREHOLDERS VOTE AGAINST AFSI GOINGPRIVATE ISSUED STATEMENT INCLUDING IMPORTANT", "count1": 0, "count2": 0, "count3": 1, "count4": 0}]