["AVAILABLE", {"Name": "KerrisdaleCap", "Time": 20180628, "Text": "$I: Replay of call yesterday available at https://t.co/afi6uc8d3v . Also, check out Q&amp;A section of @SeekingAlpha ar\u2026 https://t.co/sEYusuH8xr", "clean_text": "REPLAY YESTERDAY AVAILABLE CHECK QAMPA SECTION @SEEKINGALPHA AR", "count1": 0, "count2": 1, "count3": 0, "count4": 0}, {"Name": "KerrisdaleCap", "Time": 20180627, "Text": "We're long $I (Intelsat) and $SESG (SES). Report available at https://t.co/fFTekZe6gO. We value $I at $150 (up ~9x)\u2026 https://t.co/woc8PmOula", "clean_text": "LONG INTELSAT SESG SES REPORT AVAILABLE VALUE ~9X", "count1": 0, "count2": 1, "count3": 0, "count4": 0}]