["SERVE", {"Name": "GothamResearch", "Time": 20180426, "Text": "RT @GothamResearch: \u201ceffective on April 25, 2018, Eric Eichmann will no longer serve as Chief Executive Officer of the Company or as a memb\u2026", "clean_text": "@GOTHAMRESEARCH EFFECTIVE APRIL ERIC EICHMANN LONGER SERVE CHIEF EXECUTIVE OFFICER COMPANY MEMB", "count1": 1, "count2": 0, "count3": 0, "count4": 0}, {"Name": "GothamResearch", "Time": 20180425, "Text": "\u201ceffective on April 25, 2018, Eric Eichmann will no longer serve as Chief Executive Officer of the Company or as a\u2026 https://t.co/nF0iN3UclV", "clean_text": "EFFECTIVE APRIL ERIC EICHMANN LONGER SERVE CHIEF EXECUTIVE OFFICER COMPANY", "count1": 1, "count2": 0, "count3": 0, "count4": 0}]