["@GIVEN2TWEET", {"Name": "TMTanalyst", "Time": 20180510, "Text": "@given2tweet @Morgan_03 @Zagat @LoringWine Finishing up one of @LoringWine Mateo\u2019s right now", "clean_text": "@GIVEN2TWEET @MORGAN_03 @ZAGAT @LORINGWINE FINISHING @LORINGWINE MATEOS", "count1": 1, "count2": 0, "count3": 0, "count4": 0}, {"Name": "TMTanalyst", "Time": 20180510, "Text": "@Morgan_03 @given2tweet @Zagat @LoringWine I used to tweet about a lot of things more in the past. Still love food\u2026 https://t.co/W8wGo4hfQH", "clean_text": "@MORGAN_03 @GIVEN2TWEET @ZAGAT @LORINGWINE TWEET LOT PAST FOOD", "count1": 1, "count2": 0, "count3": 0, "count4": 0}]