["CRTO", {"Name": "GothamResearch", "Time": 20180426, "Text": "RT @GothamResearch: Criteo CEO is out: https://t.co/UZy3OK4bPJ\n\nJust weeks before GDPR is in effect... $CRTO", "clean_text": "@GOTHAMRESEARCH CRITEO CEO WEEKS GDPR EFFECT CRTO", "count1": 0, "count2": 1, "count3": 0, "count4": 0}, {"Name": "GothamResearch", "Time": 20180426, "Text": "Criteo's decision to removes its CEO happened just a day before it was publicly announced: https://t.co/xQn5w4jLzw\n\n$CRTO", "clean_text": "CRITEO DECISION REMOVES CEO HAPPENED PUBLICLY ANNOUNCED CRTO", "count1": 0, "count2": 1, "count3": 0, "count4": 0}, {"Name": "GothamResearch", "Time": 20180425, "Text": "Criteo CEO is out: https://t.co/UZy3OK4bPJ\n\nJust weeks before GDPR is in effect... $CRTO", "clean_text": "CRITEO CEO WEEKS GDPR EFFECT CRTO", "count1": 0, "count2": 1, "count3": 0, "count4": 0}]