["AVAILABLE", {"Name": "HedgeyeENERGY", "Time": 20180206, "Text": "$CAFD (\"Cash Available for Distribution\") IPOd in 2015 at $21/sh.  2.5 years later, it's sold for ~$12/sh in a take\u2026 https://t.co/W3C051vS0h", "clean_text": "CAFD CASH AVAILABLE DISTRIBUTION IPOD 21SH LATER SOLD ~12SH", "count1": 0, "count2": 1, "count3": 0, "count4": 0}, {"Name": "ActivistShorts", "Time": 20180131, "Text": "RT @ActivistInsight: \u2b50\ufe0fNEW\u2b50\ufe0f\n\nThe Activist Investing Annual Review 2018, produced in association with @SRZLawFirm, is now available to down\u2026", "clean_text": "@ACTIVISTINSIGHT \u2b50\ufe0fNEW\u2b50\ufe0f ACTIVIST INVESTING ANNUAL PRODUCED ASSOCIATION @SRZLAWFIRM AVAILABLE DOWN", "count1": 0, "count2": 1, "count3": 0, "count4": 0}]