["ESG", {"Name": "ActivistShorts", "Time": 20181203, "Text": "Interesting to see whether it gets any kind of pickup in the ESG community, which is mostly designed for passive ma\u2026 https://t.co/9yEWbCw0wC", "clean_text": "INTERESTING WHETHER KIND PICKUP ESG COMMUNITY DESIGNED PASSIVE MA", "count1": 0, "count2": 0, "count3": 0, "count4": 1}, {"Name": "ActivistShorts", "Time": 20181203, "Text": "RT @WillauerProsky: @ActivistShorts We've been pitching activist shorting and the moral aspects and power of it to corpgov and ESG communit\u2026", "clean_text": "@WILLAUERPROSKY @ACTIVISTSHORTS PITCHING ACTIVIST SHORTING MORAL ASPECTS POWER CORPGOV ESG COMMUNIT", "count1": 0, "count2": 0, "count3": 0, "count4": 1}]