["SHARES", {"Name": "KerrisdaleCap", "Time": 20180801, "Text": "RT @MarketCurrents: Kerrisdale re-ups bullish Intelsat stance; shares +4.3% https://t.co/qU8ZHKvyZe $I $SGBAF $INTC", "clean_text": "@MARKETCURRENTS KERRISDALE REUPS BULLISH INTELSAT STANCE SHARES +43% SGBAF INTC", "count1": 0, "count2": 1, "count3": 0}, {"Name": "ActivistShorts", "Time": 20180725, "Text": "Shares in this former Third Point target down 4% on a new short report. https://t.co/5f6Sr9G7Aq", "clean_text": "SHARES FORMER THIRD POINT TARGET DOWN 4% SHORT REPORT", "count1": 1, "count2": 1, "count3": 1}]