["CRTO", {"Name": "GothamResearch", "Time": 20181108, "Text": "@privacyint\u2069 files complaints against Criteo $CRTO and calls for EU Investigation for GDPR breaches\n\nhttps://t.co/dgpZJA9HwE", "clean_text": "@PRIVACYINT\u2069 COMPLAINTS AGAINST CRITEO CRTO CALLS EU INVESTIGATION GDPR BREACHES", "count1": 1, "count2": 1, "count3": 1, "count4": 0}, {"Name": "GothamResearch", "Time": 20181108, "Text": "RT @GothamResearch: @privacyint\u2069 files complaints against Criteo $CRTO and calls for EU Investigation for GDPR breaches\n\nhttps://t.co/dgpZJ\u2026", "clean_text": "@GOTHAMRESEARCH @PRIVACYINT\u2069 COMPLAINTS AGAINST CRITEO CRTO CALLS EU INVESTIGATION GDPR BREACHES", "count1": 1, "count2": 1, "count3": 1, "count4": 0}]