["@KEITHMCCULLOUGH", {"Name": "HedgeyeENERGY", "Time": 20180307, "Text": "RT @Hedgeye: LIVE Webcast\n\nRenowned economist/portfolio manager @dlacalle_IA\u00a0joins @KeithMcCullough to discuss rising investing risk across\u2026", "clean_text": "@HEDGEYE WEBCAST RENOWNED ECONOMISTPORTFOLIO MANAGER @DLACALLE_IA JOINS @KEITHMCCULLOUGH DISCUSS RISING INVESTING RISK", "count1": 0, "count2": 0, "count3": 1, "count4": 0}, {"Name": "HedgeyeENERGY", "Time": 20180223, "Text": "RT @Hedgeye: \u201cThey were running with \u2702\ufe0f\u201d\n-@HedgeyeENERGY on $MIC\n\nGreat coverage of our short call here.  @KeithMcCullough https://t.co/Z02\u2026", "clean_text": "@HEDGEYE \u2702\ufe0f\u201d @HEDGEYEENERGY MIC GREAT COVERAGE SHORT @KEITHMCCULLOUGH", "count1": 0, "count2": 0, "count3": 1, "count4": 0}, {"Name": "HedgeyeENERGY", "Time": 20180223, "Text": "@CapitalObserver @Hedgeye @KeithMcCullough thanks TM", "clean_text": "@CAPITALOBSERVER @HEDGEYE @KEITHMCCULLOUGH TM", "count1": 0, "count2": 0, "count3": 1, "count4": 0}]