["CUT", {"Name": "HedgeyeENERGY", "Time": 20180208, "Text": "another one bites the dust ... $NS and $NSH to merge, eliminate IDRs, and cut $NS distribution by 45%.  Also looks\u2026 https://t.co/LIjiOZbzDp", "clean_text": "BITES DUST NS NSH MERGE ELIMINATE IDRS CUT NS DISTRIBUTION 45%", "count1": 0, "count2": 0, "count3": 0, "count4": 1}, {"Name": "HedgeyeENERGY", "Time": 20180208, "Text": "@MLPguy more of an outright cut", "clean_text": "@MLPGUY OUTRIGHT CUT", "count1": 0, "count2": 0, "count3": 0, "count4": 1}]