["70%", {"Name": "CopperfieldRscr", "Time": 20180830, "Text": "But these are economically fake! Why? Because 70% and 63% of $CRON \u201cpotential\u201d sq ft and Kgs capacity, respectively\u2026 https://t.co/rad2oDbogu", "clean_text": "ECONOMICALLY FAKE 70% 63% CRON POTENTIAL\u201d SQ FT KGS CAPACITY RESPECTIVELY", "count1": 1, "count2": 0, "count3": 0, "count4": 0}, {"Name": "CitronResearch", "Time": 20180829, "Text": "Citron covering $CVSI short.  Making 70% in a week is always a good trade.  Stay tuned for more cannabis trades, ou\u2026 https://t.co/o8o0GCqaRj", "clean_text": "CITRON COVERING CVSI SHORT MAKING 70% GOOD TRADE STAY TUNED CANNABIS TRADES OU", "count1": 1, "count2": 0, "count3": 0, "count4": 0}]