["CAPACITY", {"Name": "CopperfieldRscr", "Time": 20180830, "Text": "But $CRON is not what it appears. In addition to what @Citron highlighted, the MAJORITY of its \u201cfuture\u201d capacity is\u2026 https://t.co/U5VXbHKEpB", "clean_text": "CRON ADDITION @CITRON HIGHLIGHTED MAJORITY FUTURE\u201d CAPACITY", "count1": 1, "count2": 0, "count3": 1, "count4": 0}, {"Name": "CopperfieldRscr", "Time": 20180830, "Text": "But these are economically fake! Why? Because 70% and 63% of $CRON \u201cpotential\u201d sq ft and Kgs capacity, respectively\u2026 https://t.co/rad2oDbogu", "clean_text": "ECONOMICALLY FAKE 70% 63% CRON POTENTIAL\u201d SQ FT KGS CAPACITY RESPECTIVELY", "count1": 1, "count2": 0, "count3": 0, "count4": 0}]