["EPS", {"Name": "HedgeyeENERGY", "Time": 20180118, "Text": "RT @HedgeyeENERGY: looking at $KMI consensus #s...  It looks like most of the analysts recently pulled their 2018+ EPS estimates from Bloom\u2026", "clean_text": "@HEDGEYEENERGY KMI CONSENSUS #S ANALYSTS RECENTLY PULLED 2018+ EPS ESTIMATES BLOOM", "count1": 0, "count2": 0, "count3": 1, "count4": 0}, {"Name": "HedgeyeENERGY", "Time": 20180117, "Text": "looking at $KMI consensus #s...  It looks like most of the analysts recently pulled their 2018+ EPS estimates from\u2026 https://t.co/RIbSqBBqGR", "clean_text": "KMI CONSENSUS #S ANALYSTS RECENTLY PULLED 2018+ EPS ESTIMATES", "count1": 0, "count2": 0, "count3": 1, "count4": 0}, {"Name": "HedgeyeENERGY", "Time": 20180117, "Text": "3 months ago there were 16 estimates for $KMI's 2018 Adj. EPS on Bloomberg.  Today it's down to 4 (and just 2 for q\u2026 https://t.co/QEh8bfryE1", "clean_text": "AGO ESTIMATES KMI ADJ EPS BLOOMBERG DOWN", "count1": 0, "count2": 0, "count3": 1, "count4": 0}]