["PREFERENCES", {"Name": "pmarca", "Time": 20180707, "Text": "\"We falsify our preferences to maintain or improve our standing within a group. Conformity to group preferences yie\u2026 https://t.co/LhOICZZFcP", "clean_text": "FALSIFY PREFERENCES MAINTAIN IMPROVE STANDING WITHIN CONFORMITY PREFERENCES YIE", "count1": 2, "count2": 0, "count3": 0, "count4": 0}, {"Name": "pmarca", "Time": 20180707, "Text": "\"Less opinionated entrants falsify their preferences to not upset those who decide the rules, rewards, and punishme\u2026 https://t.co/opvihlnGlP", "clean_text": "OPINIONATED ENTRANTS FALSIFY PREFERENCES UPSET DECIDE REWARDS PUNISHME", "count1": 1, "count2": 0, "count3": 0, "count4": 0}, {"Name": "pmarca", "Time": 20180707, "Text": "\"Preference falsification artificially inflates political polarization. If our political preferences have been fals\u2026 https://t.co/RneXcR726X", "clean_text": "PREFERENCE FALSIFICATION ARTIFICIALLY INFLATES POLITICAL POLARIZATION POLITICAL PREFERENCES FALS", "count1": 1, "count2": 0, "count3": 0, "count4": 1}]