["WALK", {"Name": "pmarca", "Time": 20180706, "Text": "The Rise of Superman: Decoding the Science of Ultimate Human Performance by @steven_kotler -- Startling walk throug\u2026 https://t.co/8HoyYIdPeZ", "clean_text": "RISE SUPERMAN DECODING SCIENCE ULTIMATE HUMAN PERFORMANCE @STEVEN_KOTLER STARTLING WALK THROUG", "count1": 0, "count2": 1, "count3": 0, "count4": 0}, {"Name": "pmarca", "Time": 20180705, "Text": "A Guide to the Good Life: The Ancient Art of Stoic Joy by William B. Irvine -- Best (?) walk through the ancient/cu\u2026 https://t.co/LlpUczowwh", "clean_text": "GUIDE GOOD ANCIENT ART STOIC JOY WILLIAM IRVINE BEST WALK ANCIENTCU", "count1": 0, "count2": 1, "count3": 0, "count4": 0}]