["INSIDERS", {"Name": "CopperfieldRscr", "Time": 20180108, "Text": "Tucows Inc. ($TCX): Cashing in on Neo-Nazis, Child Porn, &amp; A Hidden Lawsuit as Insiders Dump - Report can be found\u2026 https://t.co/HUSu5HpFL3", "clean_text": "TUCOWS INC TCX CASHING NEONAZIS PORN AMP HIDDEN LAWSUIT INSIDERS DUMP REPORT FOUND", "count1": 0, "count2": 1, "count3": 0, "count4": 0}, {"Name": "CopperfieldRscr", "Time": 20180108, "Text": "WORST OF ALL,  and why a class action should come (and we hope @SEC_Enforcement ), 9 insiders sold &gt; $21M of stock\u2026 https://t.co/npqAW2Wisl", "clean_text": "WORST CLASS ACTION COME HOPE @SEC_ENFORCEMENT INSIDERS SOLD GT 21M STOCK", "count1": 0, "count2": 1, "count3": 0, "count4": 0}]