["PRINCETON", {"Name": "HedgeyeENERGY", "Time": 20180318, "Text": "RT @NCAAIceHockey: PRINCETON WINS IN OT!!!! https://t.co/8a0bn1NPxJ", "clean_text": "@NCAAICEHOCKEY PRINCETON WINS OT", "count1": 0, "count2": 0, "count3": 0, "count4": 1}, {"Name": "HedgeyeENERGY", "Time": 20180318, "Text": "RT @puhockey: The 2018 ECAC Hockey Champion Princeton Tigers! https://t.co/UsBOuNLjXE", "clean_text": "@PUHOCKEY ECAC HOCKEY CHAMPION PRINCETON TIGERS", "count1": 0, "count2": 0, "count3": 0, "count4": 1}, {"Name": "HedgeyeENERGY", "Time": 20180311, "Text": "RT @puhockey: Princeton wins!!!! Princeton wins!!!! Princeton is headed to the ECAC Championship weekend for the first time since 2009!", "clean_text": "@PUHOCKEY PRINCETON WINS PRINCETON WINS PRINCETON HEADED ECAC CHAMPIONSHIP", "count1": 0, "count2": 0, "count3": 0, "count4": 3}, {"Name": "HedgeyeENERGY", "Time": 20180310, "Text": "2 guys on Princeton already have 50+ points in 32 games this year.  That is insane, especially in the ECAC https://t.co/XjZZrJWDZ8", "clean_text": "PRINCETON ALREADY 50+ POINTS GAMES INSANE ESPECIALLY ECAC", "count1": 0, "count2": 0, "count3": 0, "count4": 1}]