["MLPS", {"Name": "HedgeyeENERGY", "Time": 20180316, "Text": "Not the most inspiring bounce in MLPs today, thought it would\u2019ve been stronger", "clean_text": "INSPIRING BOUNCE MLPS WOULDVE STRONGER", "count1": 1, "count2": 0, "count3": 0, "count4": 0}, {"Name": "HedgeyeENERGY", "Time": 20180315, "Text": "@TadAllagash this is the correction of a policy mistake / loophole that MLPs have benefited from for years", "clean_text": "@TADALLAGASH CORRECTION POLICY MISTAKE LOOPHOLE MLPS BENEFITED", "count1": 1, "count2": 0, "count3": 0, "count4": 0}, {"Name": "HedgeyeENERGY", "Time": 20180315, "Text": "@TadAllagash I only mean for MLPs", "clean_text": "@TADALLAGASH MEAN MLPS", "count1": 1, "count2": 0, "count3": 0, "count4": 0}, {"Name": "HedgeyeENERGY", "Time": 20180315, "Text": "another reason for more MLPs to look into C-Corp conversions", "clean_text": "MLPS CCORP CONVERSIONS", "count1": 1, "count2": 0, "count3": 0, "count4": 0}]