["POT", {"Name": "CopperfieldRscr", "Time": 20180830, "Text": "$CRON has become a trading vehicle for pot exposure, consider it joins $AMZN, $CRM, $AMD, $AAPL, and $TSLA as the m\u2026 https://t.co/1xciPlSX2F", "clean_text": "CRON BECOME TRADING VEHICLE POT EXPOSURE CONSIDER JOINS AMZN CRM AMD AAPL TSLA", "count1": 0, "count2": 0, "count3": 0, "count4": 1}, {"Name": "CitronResearch", "Time": 20180830, "Text": "Andrew Left from Citron on CNBC Fast Money 5:25pm ET to discuss why $CRON is the most overhyped of all the \"pot sto\u2026 https://t.co/fksQkwNk0u", "clean_text": "ANDREW CITRON CNBC FAST MONEY 525PM ET DISCUSS CRON OVERHYPED POT STO", "count1": 0, "count2": 0, "count3": 0, "count4": 1}]