["CEO", {"Name": "TMTanalyst", "Time": 20181101, "Text": "You can fire the ceo for being a creep but a culture of bullishness is forever. \u201cAnother outstanding year\u201d for 2019", "clean_text": "FIRE CEO CREEP CULTURE BULLISHNESS FOREVER OUTSTANDING YEAR\u201d", "count1": 0, "count2": 0, "count3": 1, "count4": 0}, {"Name": "TMTanalyst", "Time": 20181031, "Text": "@EpicureanDeal Yes. Saw the overpaid ceo of a media co but no rock stars like you.", "clean_text": "@EPICUREANDEAL OVERPAID CEO MEDIA CO ROCK STARS", "count1": 0, "count2": 0, "count3": 1, "count4": 0}]