["@NONRELATEDSENSE", {"Name": "TMTanalyst", "Time": 20181106, "Text": "@Nonrelatedsense At least cast one ballot. Bring a cocktail or 2.", "clean_text": "@NONRELATEDSENSE CAST BALLOT COCKTAIL", "count1": 1, "count2": 0, "count3": 0, "count4": 0}, {"Name": "FundyLongShort", "Time": 20181030, "Text": "@Nonrelatedsense That is a terrible looking shoe.", "clean_text": "@NONRELATEDSENSE TERRIBLE SHOE", "count1": 1, "count2": 0, "count3": 0, "count4": 0}, {"Name": "FundyLongShort", "Time": 20181025, "Text": "@Nonrelatedsense Sad.", "clean_text": "@NONRELATEDSENSE SAD", "count1": 1, "count2": 0, "count3": 0, "count4": 0}]