["CITRON", {"Name": "CitronResearch", "Time": 20181226, "Text": "$FB Backing up the sleigh.  $160 tgt.  Citron presents the only information that counts on $FB looking past the rhe\u2026 https://t.co/CLnUVa9s4C", "clean_text": "FB BACKING SLEIGH TGT CITRON PRESENTS INFORMATION COUNTS FB PAST RHE", "count1": 0, "count2": 1, "count3": 1, "count4": 2}, {"Name": "CitronResearch", "Time": 20181218, "Text": "Citron explains why $APHA is up 10% today and why we expect the stock to go over $8 before the end of the year.  Th\u2026 https://t.co/JlbsqIHsD7", "clean_text": "CITRON EXPLAINS APHA 10% EXPECT STOCK", "count1": 0, "count2": 1, "count3": 0, "count4": 0}]