["CRK", {"Name": "HedgeyeENERGY", "Time": 20180227, "Text": "Great thread...  It\u2019s long been a sorry state of affairs for $CRK shareholders https://t.co/8FpmsiQIvG", "clean_text": "GREAT THREAD LONG STATE AFFAIRS CRK SHAREHOLDERS", "count1": 0, "count2": 1, "count3": 0, "count4": 0}, {"Name": "HedgeyeENERGY", "Time": 20180227, "Text": "@EnergyCredit1 so did you sell your $CRK stock or are you still an owner-enabler?  ;)", "clean_text": "@ENERGYCREDIT1 SELL CRK STOCK OWNERENABLER", "count1": 0, "count2": 1, "count3": 0, "count4": 0}]