["ORDER", {"Name": "KerrisdaleCap", "Time": 20180713, "Text": "@nim_darling I expect FCC final order in Q1 \u201819", "clean_text": "@NIM_DARLING EXPECT FCC FINAL ORDER Q1", "count1": 0, "count2": 0, "count3": 1, "count4": 0}, {"Name": "KerrisdaleCap", "Time": 20180713, "Text": "@stockalerts001 @MichaelJobe I expect FCC final order in Q1 \u201819", "clean_text": "@STOCKALERTS001 @MICHAELJOBE EXPECT FCC FINAL ORDER Q1", "count1": 0, "count2": 0, "count3": 1, "count4": 1}, {"Name": "KerrisdaleCap", "Time": 20180712, "Text": "$I: FCC meeting comments were super positive. O'Rielly wished he could sign final order now; stressed need for doin\u2026 https://t.co/Fcw6u5kf5O", "clean_text": "FCC MEETING COMMENTS SUPER POSITIVE ORIELLY WISHED SIGN FINAL ORDER STRESSED DOIN", "count1": 0, "count2": 0, "count3": 1, "count4": 0}]