["TOUGH", {"Name": "HedgeyeENERGY", "Time": 20180104, "Text": "@HedgeyeIndstrls you know it's a tough environment for shorts when $TSLA won't go down on anything", "clean_text": "@HEDGEYEINDSTRLS TOUGH ENVIRONMENT SHORTS TSLA DOWN", "count1": 0, "count2": 1, "count3": 0, "count4": 0}, {"Name": "HedgeyeENERGY", "Time": 20171222, "Text": "Sitting on a plane waiting to take off.  Guy is traveling with his 4 young kids, staring at bitcoin charts on his phone ...  tough day", "clean_text": "SITTING PLANE WAITING TRAVELING YOUNG KIDS STARING BITCOIN CHARTS PHONE TOUGH", "count1": 0, "count2": 1, "count3": 0, "count4": 0}]