["CLR", {"Name": "HedgeyeENERGY", "Time": 20171229, "Text": "Pony renegotiation a solid win for $CLR.  Bakken to Cushing for $3.75 is a pretty good deal, and 2018 cash flow imp\u2026 https://t.co/CBFuPUBtqz", "clean_text": "PONY RENEGOTIATION SOLID CLR BAKKEN CUSHING GOOD DEAL CASH FLOW IMP", "count1": 0, "count2": 1, "count3": 0, "count4": 1}, {"Name": "HedgeyeENERGY", "Time": 20171228, "Text": "largest shipper on Pony Express, $CLR, gets 42% tariff reduction on Bakken to Cushing joint tariff.  Just the start\u2026 https://t.co/XSeBfR12XZ", "clean_text": "LARGEST SHIPPER PONY EXPRESS CLR 42% TARIFF REDUCTION BAKKEN CUSHING JOINT TARIFF START", "count1": 0, "count2": 1, "count3": 0, "count4": 1}]