["@MLPGUY", {"Name": "HedgeyeENERGY", "Time": 20180223, "Text": "@MLPguy @EquityTrader44 $SEMG", "clean_text": "@MLPGUY @EQUITYTRADER44 SEMG", "count1": 1, "count2": 0, "count3": 0, "count4": 0}, {"Name": "HedgeyeENERGY", "Time": 20180223, "Text": "@MLPguy Oh is $SMLP finally going to blow up?  that thing is a pile of hot garbage.  it inflicted some battle wound\u2026 https://t.co/d9OIZCo388", "clean_text": "@MLPGUY SMLP BLOW PILE HOT GARBAGE INFLICTED BATTLE WOUND", "count1": 1, "count2": 0, "count3": 0, "count4": 0}]