["CITRON", {"Name": "CitronResearch", "Time": 20180615, "Text": "Citron $NFLX to $340 call.  Before any of the pundits or critics who criticize Citron comment further,  just read a\u2026 https://t.co/yqHbU8zYNu", "clean_text": "CITRON NFLX PUNDITS CRITICS CRITICIZE CITRON COMMENT FURTHER", "count1": 2, "count2": 0, "count3": 0, "count4": 0}, {"Name": "CitronResearch", "Time": 20180614, "Text": "Citron explains why $NFLX is on its way back to $340. A theory that Bob Dylan would agree with. The winds have chan\u2026 https://t.co/Qn8RrXyfQh", "clean_text": "CITRON EXPLAINS NFLX THEORY BOB DYLAN AGREE WINDS CHAN", "count1": 1, "count2": 0, "count3": 0, "count4": 0}]