["INCLUDING", {"Name": "Carl_C_Icahn", "Time": 20180510, "Text": "We just released an open letter (including other important information) to shareholders of $XRX \u2013 available here: https://t.co/PlEVzTm4PD", "clean_text": "RELEASED OPEN LETTER INCLUDING IMPORTANT INFORMATION SHAREHOLDERS XRX AVAILABLE", "count1": 1, "count2": 0, "count3": 1, "count4": 0}, {"Name": "Carl_C_Icahn", "Time": 20180507, "Text": "We just released an open letter (including other important information) to shareholders of $XRX \u2013 available here: https://t.co/cZctpxSlHN", "clean_text": "RELEASED OPEN LETTER INCLUDING IMPORTANT INFORMATION SHAREHOLDERS XRX AVAILABLE", "count1": 1, "count2": 0, "count3": 1, "count4": 0}, {"Name": "Carl_C_Icahn", "Time": 20180504, "Text": "We just released an open letter (including other important information) to shareholders of $XRX \u2013 available here: https://t.co/TKzltX6b6G", "clean_text": "RELEASED OPEN LETTER INCLUDING IMPORTANT INFORMATION SHAREHOLDERS XRX AVAILABLE", "count1": 1, "count2": 0, "count3": 1, "count4": 0}]