["@_OLDMANGLOOM", {"Name": "FundyLongShort", "Time": 20180209, "Text": "@_oldmangloom Not to mention talking about said decline in point terms.  Percentages please, people.", "clean_text": "@_OLDMANGLOOM MENTION DECLINE POINT TERMS PERCENTAGES", "count1": 1, "count2": 0, "count3": 0, "count4": 0}, {"Name": "FundyLongShort", "Time": 20180202, "Text": "@_oldmangloom Sorry, misread initially so deleted response.  Agreed.  I like how he downgraded his initial request\u2026 https://t.co/Mp2vbGHrNl", "clean_text": "@_OLDMANGLOOM MISREAD INITIALLY DELETED RESPONSE AGREED DOWNGRADED INITIAL REQUEST", "count1": 1, "count2": 0, "count3": 0, "count4": 0}]