["EBIX", {"Name": "ActivistShorts", "Time": 20181203, "Text": "After Gracian Capital's warning on $SIG, @viceroyresearch is straight up with a short of $EBIX. https://t.co/UFO64spae0", "clean_text": "GRACIAN CAPITAL WARNING SIG @VICEROYRESEARCH STRAIGHT SHORT EBIX", "count1": 0, "count2": 0, "count3": 0, "count4": 1}, {"Name": "ActivistShorts", "Time": 20181203, "Text": "Viceroy's take on the second presentation to target $EBIX today. https://t.co/Kfx79BSBDe", "clean_text": "VICEROY SECOND PRESENTATION TARGET EBIX", "count1": 0, "count2": 0, "count3": 0, "count4": 1}]