["LINE", {"Name": "HedgeyeENERGY", "Time": 20180105, "Text": "curious that $SEMG was a notable under-performer yesterday, and then we get news of $OKE NGL line after the close,\u2026 https://t.co/nJFealOWT3", "clean_text": "CURIOUS SEMG NOTABLE UNDERPERFORMER YESTERDAY OKE NGL LINE CLOSE", "count1": 0, "count2": 0, "count3": 1, "count4": 0}, {"Name": "HedgeyeENERGY", "Time": 20180104, "Text": "another day, another pipeline announcement.  $OKE to build $1.4B NGL line from Bakken to Conway, in-service 1Q19.\u2026 https://t.co/dwQz336J3h", "clean_text": "PIPELINE ANNOUNCEMENT OKE 14B NGL LINE BAKKEN CONWAY INSERVICE 1Q19", "count1": 0, "count2": 0, "count3": 1, "count4": 0}]