["LONG", {"Name": "ActivistShorts", "Time": 20180213, "Text": "Herbalife thinks short sellers should face similar disclosure rules as those who hold long positions.\n\nA good idea?\u2026 https://t.co/sKCNmM2YhF", "clean_text": "HERBALIFE SHORT SELLERS FACE DISCLOSURE HOLD LONG POSITIONS GOOD", "count1": 0, "count2": 0, "count3": 1, "count4": 0}, {"Name": "HedgeyeENERGY", "Time": 20180208, "Text": "RT @KeithMcCullough: Short $YELP, Long $TWTR? That was @HedgeyeInternet call - the bad news bears at Zero Edge mocked the call, of course", "clean_text": "@KEITHMCCULLOUGH SHORT YELP LONG TWTR @HEDGEYEINTERNET BAD BEARS ZERO EDGE MOCKED COURSE", "count1": 0, "count2": 0, "count3": 1, "count4": 0}]