["IGC", {"Name": "CitronResearch", "Time": 20181002, "Text": "$IGC. If you are able to short, it is a gift.  No product.  All hype.  Raised Money 2 weeks ago at $1.15  Finger tr\u2026 https://t.co/LW7leMPpT4", "clean_text": "IGC SHORT GIFT PRODUCT HYPE RAISED MONEY WEEKS AGO FINGER TR", "count1": 0, "count2": 0, "count3": 0, "count4": 1}, {"Name": "CitronResearch", "Time": 20181002, "Text": "Correction.  $IGC has raised money 3 times in 3 weeks at an average price of $3.31.  At least the company is honest\u2026 https://t.co/fk5G3uL1Mt", "clean_text": "CORRECTION IGC RAISED MONEY TIMES WEEKS AVERAGE PRICE COMPANY HONEST", "count1": 1, "count2": 0, "count3": 0, "count4": 1}]