["\u2b50\ufe0fNEW", {"Name": "ActivistShorts", "Time": 20180130, "Text": "RT @ActivistInsight: \u2b50\ufe0fNEW | This week's poll question:\n\nLast week @BillAckman revealed he had bought passive stake in Nike. We asked: will\u2026", "clean_text": "@ACTIVISTINSIGHT \u2b50\ufe0fNEW POLL @BILLACKMAN REVEALED BOUGHT PASSIVE STAKE NIKE", "count1": 1, "count2": 0, "count3": 0, "count4": 0}, {"Name": "ActivistShorts", "Time": 20180123, "Text": "RT @ActivistInsight: \u2b50\ufe0fNEW | This week's poll question:\n\nIn it's Q4 letter Third Point's @DanielSLoeb emphasized its long-held belief that\u2026", "clean_text": "@ACTIVISTINSIGHT \u2b50\ufe0fNEW POLL LETTER THIRD POINT @DANIELSLOEB EMPHASIZED LONGHELD BELIEF", "count1": 1, "count2": 0, "count3": 0, "count4": 1}]