["SHORTS", {"Name": "CitronResearch", "Time": 20180508, "Text": "Not a story of shorts vs $NVDA it is $NVDA vs $GOOG  TPU 3.0 announced today is 8x faster than 2.0 and liq cooled.\u2026 https://t.co/ec3PZjKQTr", "clean_text": "SHORTS NVDA NVDA GOOG TPU ANNOUNCED 8X FASTER LIQ COOLED", "count1": 0, "count2": 0, "count3": 0, "count4": 1}, {"Name": "ActivistShorts", "Time": 20180503, "Text": "Subscribers can read our notes on Activist Insight Shorts here: https://t.co/h8Vjlk5pok", "clean_text": "SUBSCRIBERS NOTES ACTIVIST INSIGHT SHORTS", "count1": 0, "count2": 0, "count3": 0, "count4": 1}]