["SHORT", {"Name": "GlaucusResearch", "Time": 20180328, "Text": "Glaucus is short Blue Sky Alternative Investments (ASX: BLA).  We value shares of $BLA at AU$&lt;2.66, 77% lower than\u2026 https://t.co/Tmdd4LfHx0", "clean_text": "GLAUCUS SHORT BLUE SKY ALTERNATIVE INVESTMENTS ASX BLA VALUE SHARES BLA AULT266 77% LOWER", "count1": 0, "count2": 0, "count3": 1, "count4": 1}, {"Name": "ActivistShorts", "Time": 20180328, "Text": "RT @ActivistInsight: The rise of activist short sellers, from the @FinancialReview, featuring data from Activist Insight Shorts.\n  https://\u2026", "clean_text": "@ACTIVISTINSIGHT RISE ACTIVIST SHORT SELLERS @FINANCIALREVIEW FEATURING DATA ACTIVIST INSIGHT SHORTS", "count1": 0, "count2": 0, "count3": 0, "count4": 1}, {"Name": "CitronResearch", "Time": 20180327, "Text": "Citron short $TWTR.  Near-Term target $25   Of all social media, they are most vulnerable to privacy regulation  Wa\u2026 https://t.co/nSHNVrprXP", "clean_text": "CITRON SHORT TWTR NEARTERM TARGET SOCIAL MEDIA VULNERABLE PRIVACY REGULATION WA", "count1": 0, "count2": 0, "count3": 0, "count4": 1}, {"Name": "ActivistShorts", "Time": 20180322, "Text": "Sahm Adrangi of @KerrisdaleCap on accessing short alpha. https://t.co/RrqQKB21Hi", "clean_text": "SAHM ADRANGI @KERRISDALECAP ACCESSING SHORT ALPHA", "count1": 0, "count2": 0, "count3": 0, "count4": 1}]