["SHORT", {"Name": "ActivistShorts", "Time": 20181106, "Text": "Surprisingly not an activist short situation. You'll have to go to @ActivistInsight for the details. https://t.co/7GIbUkwFms", "clean_text": "SURPRISINGLY ACTIVIST SHORT SITUATION YOULL @ACTIVISTINSIGHT DETAILS", "count1": 0, "count2": 1, "count3": 0, "count4": 0}, {"Name": "ActivistShorts", "Time": 20181101, "Text": "ICYMI: Check out our Activist Short Selling report published earlier this year #ThrowbackThursday\u2026 https://t.co/ifHkolj97M", "clean_text": "ICYMI CHECK ACTIVIST SHORT SELLING REPORT PUBLISHED EARLIER #THROWBACKTHURSDAY", "count1": 0, "count2": 1, "count3": 0, "count4": 0}, {"Name": "GothamResearch", "Time": 20181031, "Text": "While we have covered our $CRTO short position, we don't see evidence yet that the business is bottoming, nor that\u2026 https://t.co/qhf0WFPFM9", "clean_text": "COVERED CRTO SHORT POSITION EVIDENCE BUSINESS BOTTOMING", "count1": 0, "count2": 1, "count3": 1, "count4": 0}, {"Name": "GothamResearch", "Time": 20181031, "Text": "@rexxxryan10 Yes, and will we short more if the stock bounces on earnings. Patience is a virtue.", "clean_text": "@REXXXRYAN10 SHORT STOCK BOUNCES EARNINGS PATIENCE VIRTUE", "count1": 0, "count2": 1, "count3": 0, "count4": 0}]