["SKY", {"Name": "GlaucusResearch", "Time": 20180328, "Text": "Glaucus is short Blue Sky Alternative Investments (ASX: BLA).  We value shares of $BLA at AU$&lt;2.66, 77% lower than\u2026 https://t.co/Tmdd4LfHx0", "clean_text": "GLAUCUS SHORT BLUE SKY ALTERNATIVE INVESTMENTS ASX BLA VALUE SHARES BLA AULT266 77% LOWER", "count1": 0, "count2": 0, "count3": 0, "count4": 1}, {"Name": "GlaucusResearch", "Time": 20180328, "Text": "We believe that Blue Sky $BLA is significantly overstating its fee earning AUM by reporting the gross value of cert\u2026 https://t.co/51ssZo8Xnw", "clean_text": "BELIEVE BLUE SKY BLA SIGNIFICANTLY OVERSTATING FEE EARNING AUM REPORTING GROSS VALUE CERT", "count1": 0, "count2": 0, "count3": 0, "count4": 1}, {"Name": "GlaucusResearch", "Time": 20180328, "Text": "We also believe that $BLA Blue Sky has been overstating its financial performance by aggressively, and unjustifiabl\u2026 https://t.co/dMemYfJjIt", "clean_text": "BELIEVE BLA BLUE SKY OVERSTATING FINANCIAL PERFORMANCE AGGRESSIVELY UNJUSTIFIABL", "count1": 0, "count2": 0, "count3": 0, "count4": 1}, {"Name": "GlaucusResearch", "Time": 20180328, "Text": "Just an example of how absurdly $BLA Blue Sky marks up its investments: we calculate $BLA values 12 beach burrito j\u2026 https://t.co/Zj4r2aLlh7", "clean_text": "ABSURDLY BLA BLUE SKY MARKS INVESTMENTS CALCULATE BLA VALUES BEACH BURRITO", "count1": 0, "count2": 0, "count3": 0, "count4": 1}, {"Name": "GlaucusResearch", "Time": 20180328, "Text": "Over time, when Blue Sky $BLA inappropriately inflates the value of unrealized investments, its receivables balloon\u2026 https://t.co/JUVx1c5k90", "clean_text": "BLUE SKY BLA INAPPROPRIATELY INFLATES VALUE UNREALIZED INVESTMENTS RECEIVABLES BALLOON", "count1": 0, "count2": 0, "count3": 0, "count4": 1}, {"Name": "GlaucusResearch", "Time": 20180328, "Text": "We believe Blue Sky $BLA compensates for its overstated fee earning AUM by charging clients egregious management fe\u2026 https://t.co/gw0neyZh5x", "clean_text": "BELIEVE BLUE SKY BLA COMPENSATES OVERSTATED FEE EARNING AUM CHARGING CLIENTS EGREGIOUS MANAGEMENT FE", "count1": 0, "count2": 0, "count3": 0, "count4": 1}]