["@COLUMBIA_BIZ", {"Name": "KerrisdaleCap", "Time": 20180420, "Text": "@Westhuizen9768 @BillAckman @Columbia_Biz You can DM me your email for copies", "clean_text": "@WESTHUIZEN9768 @BILLACKMAN @COLUMBIA_BIZ DM EMAIL COPIES", "count1": 1, "count2": 0, "count3": 0, "count4": 0}, {"Name": "KerrisdaleCap", "Time": 20180419, "Text": "Congrats to the winners of the @BillAckman @Columbia_Biz Pershing Square Short Selling Challenge, who pitched $SRCL\u2026 https://t.co/WXGIiTWYZo", "clean_text": "CONGRATS WINNERS @BILLACKMAN @COLUMBIA_BIZ PERSHING SQUARE SHORT SELLING CHALLENGE PITCHED SRCL", "count1": 1, "count2": 1, "count3": 1, "count4": 0}, {"Name": "ActivistShorts", "Time": 20180419, "Text": "RT @KerrisdaleCap: Congrats to the winners of the @BillAckman @Columbia_Biz Pershing Square Short Selling Challenge, who pitched $SRCL. Enj\u2026", "clean_text": "@KERRISDALECAP CONGRATS WINNERS @BILLACKMAN @COLUMBIA_BIZ PERSHING SQUARE SHORT SELLING CHALLENGE PITCHED SRCL ENJ", "count1": 1, "count2": 1, "count3": 1, "count4": 0}]