["OPTAVIA", {"Name": "GothamResearch", "Time": 20180927, "Text": "Medifast (NASDAQ: $MED) Part II\nOptavia Products Are Causing Illness:\nIrrefutable Evidence https://t.co/QXRGxLEPtE", "clean_text": "MEDIFAST NASDAQ MED II OPTAVIA PRODUCTS CAUSING ILLNESS IRREFUTABLE EVIDENCE", "count1": 0, "count2": 1, "count3": 0, "count4": 1}, {"Name": "GothamResearch", "Time": 20180922, "Text": "OPTAVIA weight loss products, called Optavia fuelings, contain concerning levels of toxic metals, as recent lab tes\u2026 https://t.co/2L4rlewYy1", "clean_text": "OPTAVIA WEIGHT LOSS PRODUCTS CALLED OPTAVIA FUELINGS CONTAIN CONCERNING LEVELS TOXIC METALS RECENT LAB TES", "count1": 0, "count2": 0, "count3": 1, "count4": 2}]