["CITRON", {"Name": "CitronResearch", "Time": 20181126, "Text": "$MNK has just FAILED it's only real clinical trial of Acthar. Mallinckrodt has failed to disclose.  Citron will fol\u2026 https://t.co/bss1GLKJ3i", "clean_text": "MNK FAILED CLINICAL TRIAL ACTHAR MALLINCKRODT FAILED DISCLOSE CITRON FOL", "count1": 0, "count2": 1, "count3": 1, "count4": 0}, {"Name": "CitronResearch", "Time": 20181120, "Text": "Citron buys $NVDA.  This is the first time in 2 years stock offers an appealing risk-reward to investors.  $NVDA st\u2026 https://t.co/r2FrdRZEFE", "clean_text": "CITRON BUYS NVDA STOCK OFFERS APPEALING RISKREWARD INVESTORS NVDA ST", "count1": 0, "count2": 0, "count3": 1, "count4": 0}]