["@TARIRO", {"Name": "TMTanalyst", "Time": 20180719, "Text": "@tariro I always think of Campari/aperol as aperitifs and amaro as digestifs. Interesting", "clean_text": "@TARIRO CAMPARIAPEROL APERITIFS AMARO DIGESTIFS INTERESTING", "count1": 0, "count2": 1, "count3": 1, "count4": 0}, {"Name": "TMTanalyst", "Time": 20180718, "Text": "@tariro Great article but a negroni doesn\u2019t have amaro. A classic negroni is gin, sweet vermouth and Campari. There\u2026 https://t.co/Hlt3dgscE7", "clean_text": "@TARIRO GREAT ARTICLE NEGRONI DOESNT AMARO CLASSIC NEGRONI GIN SWEET VERMOUTH CAMPARI", "count1": 0, "count2": 1, "count3": 1, "count4": 0}]