["STATEMENT", {"Name": "Carl_C_Icahn", "Time": 20180302, "Text": "We just released a statement (including other important information) on $XRX \u2013 available here: https://t.co/fs2m6aWZEc", "clean_text": "RELEASED STATEMENT INCLUDING IMPORTANT INFORMATION XRX AVAILABLE", "count1": 1, "count2": 0, "count3": 1, "count4": 0}, {"Name": "Carl_C_Icahn", "Time": 20180220, "Text": "We just released a statement (including other important information) on $XRX \u2013 available here: https://t.co/skyIKwaGVv", "clean_text": "RELEASED STATEMENT INCLUDING IMPORTANT INFORMATION XRX AVAILABLE", "count1": 1, "count2": 0, "count3": 1, "count4": 0}]