["CITRON", {"Name": "CitronResearch", "Time": 20180531, "Text": "Citron puts a $17 tgt on $SNAP  Time to spook shorts who have overstayed their welcome.  On Bloomberg TV 2:20 EST t\u2026 https://t.co/SYCHP3ON38", "clean_text": "CITRON PUTS TGT SNAP SPOOK SHORTS OVERSTAYED WELCOME BLOOMBERG", "count1": 1, "count2": 0, "count3": 0, "count4": 0}, {"Name": "CitronResearch", "Time": 20180525, "Text": "Citron reevaluates our position on $ROKU    A LOT has changed in 6 months.  The trend to OTT cannot be ignored and\u2026 https://t.co/cmf24OTYDd", "clean_text": "CITRON REEVALUATES POSITION ROKU LOT CHANGED TREND OTT IGNORED", "count1": 1, "count2": 0, "count3": 0, "count4": 0}]