["@KASELEARNING", {"Name": "ActivistShorts", "Time": 20180503, "Text": "@AlderLaneeggs is it true that the \"wig indicator\" is a vital short seller tool? Asking for a friend. CC @KaseLearning", "clean_text": "@ALDERLANEEGGS WIG INDICATOR VITAL SHORT SELLER TOOL ASKING FRIEND CC @KASELEARNING", "count1": 0, "count2": 1, "count3": 0, "count4": 0}, {"Name": "ActivistShorts", "Time": 20180503, "Text": "Gabriel Grego of @QCMFunds tells @KaseLearning that Folli Follie sales may be much, much lower than reported. (FFGRP:Athens)", "clean_text": "GABRIEL GREGO @QCMFUNDS TELLS @KASELEARNING FOLLI FOLLIE SALES LOWER REPORTED FFGRPATHENS", "count1": 0, "count2": 1, "count3": 0, "count4": 0}]