["JOB", {"Name": "ActivistShorts", "Time": 20180406, "Text": "RT @IcebergResear: Nobody knows why crypto-joke $LFIN was allowed on the Nasdaq but at least the SEC does its job. Stock suspended now and\u2026", "clean_text": "@ICEBERGRESEAR NOBODY CRYPTOJOKE LFIN ALLOWED NASDAQ SEC JOB STOCK SUSPENDED", "count1": 0, "count2": 0, "count3": 0, "count4": 1}, {"Name": "HedgeyeENERGY", "Time": 20180330, "Text": "So long FinTwit - you've been great, made this job more fun and interesting.  best of luck all, cheers! - KK (4/4)", "clean_text": "LONG FINTWIT YOUVE GREAT JOB FUN INTERESTING BEST LUCK CHEERS KK", "count1": 0, "count2": 0, "count3": 0, "count4": 1}]