["PRICE", {"Name": "CopperfieldRscr", "Time": 20180830, "Text": "Kudos to @CitronResearch for highlighting $CRON, although we believe the $3.50 price target is generous.\nUS investo\u2026 https://t.co/6rTE4ogn5X", "clean_text": "KUDOS @CITRONRESEARCH HIGHLIGHTING CRON ALTHOUGH BELIEVE PRICE TARGET GENEROUS INVESTO", "count1": 1, "count2": 0, "count3": 0, "count4": 0}, {"Name": "CitronResearch", "Time": 20180830, "Text": "$CRON tgt price $3.5.  Everything that is contaminated about the Cannabis space.   ALL HYPE with possible securitie\u2026 https://t.co/ET3tTBesX3", "clean_text": "CRON TGT PRICE EVERYTHING CONTAMINATED CANNABIS SPACE HYPE POSSIBLE SECURITIE", "count1": 1, "count2": 0, "count3": 0, "count4": 1}]