["DEEP", {"Name": "pmarca", "Time": 20180707, "Text": "\"Critics agree that liberalism can no longer solve our deep social, cultural, political and economic problems, and\u2026 https://t.co/oh67te7Bth", "clean_text": "CRITICS AGREE LIBERALISM LONGER SOLVE DEEP SOCIAL CULTURAL POLITICAL ECONOMIC PROBLEMS", "count1": 0, "count2": 0, "count3": 1, "count4": 1}, {"Name": "pmarca", "Time": 20180705, "Text": "Conspiracy: Peter Thiel, Hulk Hogan, Gawker, and the Anatomy of Intrigue by @RyanHoliday -- Startlingly deep cultur\u2026 https://t.co/YLDyGmonIm", "clean_text": "CONSPIRACY PETER THIEL HULK HOGAN GAWKER ANATOMY INTRIGUE @RYANHOLIDAY STARTLINGLY DEEP CULTUR", "count1": 0, "count2": 0, "count3": 0, "count4": 1}]