["COBRA", {"Name": "HedgeyeENERGY", "Time": 20180316, "Text": "RT @AndrewScurria: Homeland Security Inspector General @DHSOIG tells Congress he's still reviewing @WhitefishEnergy, Cobra contracts w/ Pue\u2026", "clean_text": "@ANDREWSCURRIA HOMELAND SECURITY INSPECTOR GENERAL @DHSOIG TELLS CONGRESS REVIEWING @WHITEFISHENERGY COBRA CONTRACTS PUE", "count1": 0, "count2": 1, "count3": 0, "count4": 0}, {"Name": "HedgeyeENERGY", "Time": 20180315, "Text": "If anyone has any information about Mammoth Energy Services d/b/a Cobra Energy (aka Cobra Acquisitions) in Puerto R\u2026 https://t.co/PsgKOuwXfU", "clean_text": "INFORMATION MAMMOTH ENERGY SERVICES DBA COBRA ENERGY AKA COBRA ACQUISITIONS PUERTO", "count1": 0, "count2": 2, "count3": 0, "count4": 0}]