["249%", {"Name": "CopperfieldRscr", "Time": 20181119, "Text": "On its Q3'17 Call, $TCX management stated churn was 2.49% excluding RP. However, with churn now spiking to 3.03%, m\u2026 https://t.co/cuLSUEMYou", "clean_text": "Q317 TCX MANAGEMENT STATED CHURN 249% EXCLUDING RP CHURN SPIKING 303%", "count1": 1, "count2": 0, "count3": 0, "count4": 0}, {"Name": "CopperfieldRscr", "Time": 20181119, "Text": "By changing the compare to 2.82% from 2.49%, $TCX management makes the YoY compare with monthly churn of 3.03% appe\u2026 https://t.co/j0pRIxpp7Z", "clean_text": "CHANGING COMPARE 282% 249% TCX MANAGEMENT COMPARE MONTHLY CHURN 303% APPE", "count1": 1, "count2": 0, "count3": 0, "count4": 2}]