["INTERESTING", {"Name": "TMTanalyst", "Time": 20180719, "Text": "@tariro I always think of Campari/aperol as aperitifs and amaro as digestifs. Interesting", "clean_text": "@TARIRO CAMPARIAPEROL APERITIFS AMARO DIGESTIFS INTERESTING", "count1": 0, "count2": 1, "count3": 0, "count4": 0}, {"Name": "KerrisdaleCap", "Time": 20180713, "Text": "RT @MichaelJobe: Comments from the FCC Commissioner today. \"I wish we were voting on this item today.\" This is very interesting for Intelsa\u2026", "clean_text": "@MICHAELJOBE COMMENTS FCC COMMISSIONER WISH VOTING ITEM INTERESTING INTELSA", "count1": 0, "count2": 1, "count3": 0, "count4": 1}]