["RELEASE", {"Name": "Carl_C_Icahn", "Time": 20181101, "Text": "Filed complaint against $DVMT.  Read our press release (including other important information) here: https://t.co/HQnTiiHQ7S", "clean_text": "FILED COMPLAINT AGAINST DVMT PRESS RELEASE INCLUDING IMPORTANT INFORMATION", "count1": 0, "count2": 1, "count3": 0, "count4": 0}, {"Name": "Carl_C_Icahn", "Time": 20181022, "Text": "$ARII announces merger. Read $IEP press release (including other important information) here: https://t.co/mVDZIZXmYX", "clean_text": "ARII ANNOUNCES MERGER IEP PRESS RELEASE INCLUDING IMPORTANT INFORMATION", "count1": 0, "count2": 1, "count3": 0, "count4": 0}]