["EV", {"Name": "HedgeyeENERGY", "Time": 20180216, "Text": "HES International going to be sold for 2B EUR.  Wow.  Vopak is ~10x the size and has an EV of 7.5B https://t.co/vk8zo60BcJ", "clean_text": "INTERNATIONAL SOLD 2B EUR VOPAK ~10X SIZE EV 75B", "count1": 0, "count2": 1, "count3": 1, "count4": 0}, {"Name": "CopperfieldRscr", "Time": 20180214, "Text": "Beyond the quarter, $TCX bulls believe $TCX will do $80M of EBITDA in 2018 (the stock has an EV approaching $750M a\u2026 https://t.co/UPgpcMArwa", "clean_text": "TCX BULLS BELIEVE TCX 80M EBITDA STOCK EV APPROACHING 750M", "count1": 2, "count2": 0, "count3": 1, "count4": 0}]