["REGARDING", {"Name": "GothamResearch", "Time": 20180315, "Text": "In October 2015, we wrote: \"Regarding Theranos: the last time we saw a company's customers publicly disputing &amp; que\u2026 https://t.co/iNDGMDA0na", "clean_text": "OCTOBER WROTE REGARDING THERANOS COMPANY CUSTOMERS PUBLICLY DISPUTING AMP QUE", "count1": 0, "count2": 0, "count3": 1, "count4": 0}, {"Name": "Carl_C_Icahn", "Time": 20180307, "Text": "In response to inquiries, we released the following statement regarding The Manitowoc Company, Inc. ($MTW) \u2013 https://t.co/u1PQQYZo3Y", "clean_text": "RESPONSE INQUIRIES RELEASED FOLLOWING STATEMENT REGARDING MANITOWOC COMPANY INC MTW", "count1": 0, "count2": 0, "count3": 1, "count4": 0}]