["MED", {"Name": "GothamResearch", "Time": 20180921, "Text": "Gotham City Research is reviewing new $MED information received last night that further raises our concerns about (\u2026 https://t.co/uzeRCQRN2A", "clean_text": "GOTHAM CITY RESEARCH REVIEWING MED INFORMATION RECEIVED FURTHER RAISES CONCERNS", "count1": 0, "count2": 0, "count3": 1, "count4": 0}, {"Name": "GothamResearch", "Time": 20180921, "Text": "In the interim, we will begin releasing later today a series of $MED videos covering a myriad of topics including b\u2026 https://t.co/MjfnyFqSHg", "clean_text": "INTERIM BEGIN RELEASING LATER SERIES MED VIDEOS COVERING MYRIAD TOPICS INCLUDING", "count1": 0, "count2": 0, "count3": 1, "count4": 0}, {"Name": "GothamResearch", "Time": 20180920, "Text": "Medifast (NASDAQ: $med ): Like Lumber Liquidators, But With Undisclosed Toxic Metals, and A Supply Chain Twist PART\u2026 https://t.co/7VcHh5LbUl", "clean_text": "MEDIFAST NASDAQ MED LUMBER LIQUIDATORS UNDISCLOSED TOXIC METALS SUPPLY CHAIN TWIST", "count1": 0, "count2": 0, "count3": 1, "count4": 1}]