["STATEMENT", {"Name": "Carl_C_Icahn", "Time": 20180530, "Text": "We just issued a statement re $AFSI (including other important information).  Vote AGAINST $AFSI going-private: https://t.co/IncZO1bbjE", "clean_text": "ISSUED STATEMENT RE AFSI INCLUDING IMPORTANT INFORMATION VOTE AGAINST AFSI GOINGPRIVATE", "count1": 0, "count2": 0, "count3": 1, "count4": 0}, {"Name": "Carl_C_Icahn", "Time": 20180525, "Text": "We just issued a statement regarding $HLF: https://t.co/W4nZbnZtui", "clean_text": "ISSUED STATEMENT REGARDING HLF", "count1": 0, "count2": 0, "count3": 1, "count4": 0}, {"Name": "Carl_C_Icahn", "Time": 20180525, "Text": "ISS Recommends Shareholders Vote Against $AFSI Going-Private. We just issued a statement (including other important\u2026 https://t.co/fq6FnRxwJM", "clean_text": "ISS RECOMMENDS SHAREHOLDERS VOTE AGAINST AFSI GOINGPRIVATE ISSUED STATEMENT INCLUDING IMPORTANT", "count1": 0, "count2": 0, "count3": 1, "count4": 0}, {"Name": "ActivistShorts", "Time": 20180525, "Text": "Here's the company's statement: https://t.co/S7j9GA2jbO https://t.co/SY5JNjcE9c", "clean_text": "COMPANY STATEMENT", "count1": 0, "count2": 0, "count3": 1, "count4": 0}]