["FALLOUT", {"Name": "CitronResearch", "Time": 20180402, "Text": "Same Group that predicted Facebook fallout predicting a crash in $W Wayfair Stock in 2018.  $W is the real tax avoi\u2026 https://t.co/ioeIgD11Xy", "clean_text": "PREDICTED FACEBOOK FALLOUT PREDICTING CRASH WAYFAIR STOCK TAX AVOI", "count1": 1, "count2": 0, "count3": 0, "count4": 0}, {"Name": "ActivistShorts", "Time": 20180402, "Text": "Citron continues to plow markets for potential fallout from $FB scandal. https://t.co/xsbKG434S5", "clean_text": "CITRON CONTINUES PLOW POTENTIAL FALLOUT FB SCANDAL", "count1": 1, "count2": 0, "count3": 0, "count4": 0}]