["FCC", {"Name": "KerrisdaleCap", "Time": 20180627, "Text": "The FCC wants to see as much of this spectrum as possible moved as quickly as possible, without disrupting incumben\u2026 https://t.co/yxPLd11YFa", "clean_text": "FCC SPECTRUM POSSIBLE MOVED QUICKLY POSSIBLE DISRUPTING INCUMBEN", "count1": 0, "count2": 0, "count3": 1, "count4": 0}, {"Name": "KerrisdaleCap", "Time": 20180627, "Text": "Will the FCC let satco's keep the proceeds? Yes \u2013 the proposal from $I &amp; $SESG is exactly the kind of industry-led,\u2026 https://t.co/xptDmv1Hon", "clean_text": "FCC SATCO PROCEEDS PROPOSAL AMP SESG EXACTLY KIND INDUSTRYLED", "count1": 0, "count2": 0, "count3": 1, "count4": 0}]