["RARE", {"Name": "FundyLongShort", "Time": 20180327, "Text": "@10News @BarbarianCap A rare loss for the American eater?", "clean_text": "@10NEWS @BARBARIANCAP RARE LOSS AMERICAN EATER", "count1": 1, "count2": 0, "count3": 0, "count4": 0}, {"Name": "ActivistShorts", "Time": 20180327, "Text": "RT @ActivistInsight: JCP Investment Management's campaign at Crius Energy Trust (TSX:KWH) is a rare example of a proxy fight following a sh\u2026", "clean_text": "@ACTIVISTINSIGHT JCP INVESTMENT MANAGEMENT CAMPAIGN CRIUS ENERGY TRUST TSXKWH RARE PROXY FIGHT FOLLOWING SH", "count1": 1, "count2": 0, "count3": 0, "count4": 0}]