["SD", {"Name": "Carl_C_Icahn", "Time": 20180611, "Text": "Read our letter to the stockholders of $SD (including other important information) here: https://t.co/uF6EA1hfPZ", "clean_text": "LETTER STOCKHOLDERS SD INCLUDING IMPORTANT INFORMATION", "count1": 0, "count2": 0, "count3": 1, "count4": 0}, {"Name": "Carl_C_Icahn", "Time": 20180607, "Text": "Read our letter to the board of directors of SandRidge Energy/ $SD (including other important information) here: https://t.co/8GKIvaW0Fn", "clean_text": "LETTER BOARD DIRECTORS SANDRIDGE ENERGY SD INCLUDING IMPORTANT INFORMATION", "count1": 0, "count2": 0, "count3": 1, "count4": 1}, {"Name": "Carl_C_Icahn", "Time": 20180606, "Text": "Read our letter to the stockholders of SandRidge Energy/ $SD (including other important information) here: https://t.co/18tqGoKLyp", "clean_text": "LETTER STOCKHOLDERS SANDRIDGE ENERGY SD INCLUDING IMPORTANT INFORMATION", "count1": 0, "count2": 0, "count3": 1, "count4": 1}, {"Name": "Carl_C_Icahn", "Time": 20180606, "Text": "Read our statement regarding SandRidge Energy/ $SD (including other important information) here: https://t.co/q6Bb70pLb2", "clean_text": "STATEMENT REGARDING SANDRIDGE ENERGY SD INCLUDING IMPORTANT INFORMATION", "count1": 0, "count2": 0, "count3": 1, "count4": 1}, {"Name": "Carl_C_Icahn", "Time": 20180604, "Text": "Read our letter to the stockholders of SandRidge Energy/ $SD (including other important information) here: https://t.co/6EIZQQzfaa", "clean_text": "LETTER STOCKHOLDERS SANDRIDGE ENERGY SD INCLUDING IMPORTANT INFORMATION", "count1": 0, "count2": 0, "count3": 1, "count4": 1}, {"Name": "Carl_C_Icahn", "Time": 20180531, "Text": "Read our letter to the stockholders of SandRidge Energy/ $SD (including other important information) here: https://t.co/tQcifdJLhV", "clean_text": "LETTER STOCKHOLDERS SANDRIDGE ENERGY SD INCLUDING IMPORTANT INFORMATION", "count1": 0, "count2": 0, "count3": 1, "count4": 1}]