["STOCK", {"Name": "CitronResearch", "Time": 20181120, "Text": "Citron buys $NVDA.  This is the first time in 2 years stock offers an appealing risk-reward to investors.  $NVDA st\u2026 https://t.co/r2FrdRZEFE", "clean_text": "CITRON BUYS NVDA STOCK OFFERS APPEALING RISKREWARD INVESTORS NVDA ST", "count1": 0, "count2": 0, "count3": 1, "count4": 0}, {"Name": "TMTanalyst", "Time": 20181117, "Text": "@oknotsomuch I\u2019ll start making stock this Sunday. Other people will bring dessert. And drinking some good wine. Not sure what yet.", "clean_text": "@OKNOTSOMUCH ILL START MAKING STOCK SUNDAY DESSERT DRINKING GOOD WINE", "count1": 0, "count2": 0, "count3": 1, "count4": 0}]