["CUSTOMER", {"Name": "BergenCapital", "Time": 20190204, "Text": "RT @sprucepointcap: XPO lost Trader Joe's - yet another customer - according to the NY Post @nypostbiz - suggesting service performance iss\u2026", "clean_text": "@SPRUCEPOINTCAP XPO LOST TRADER JOE CUSTOMER ACCORDING NY POST @NYPOSTBIZ SUGGESTING SERVICE PERFORMANCE ISS", "count1": 1, "count2": 0, "count3": 0, "count4": 0}, {"Name": "BergenCapital", "Time": 20190129, "Text": "RT @sprucepointcap: $XPO closing a big 571k sqft warehouse, article says they lost a customer, laying employees off https://t.co/pNJK8mKtlL", "clean_text": "@SPRUCEPOINTCAP XPO CLOSING 571K SQFT WAREHOUSE ARTICLE LOST CUSTOMER LAYING EMPLOYEES", "count1": 1, "count2": 0, "count3": 0, "count4": 0}]