["FRAUD", {"Name": "CitronResearch", "Time": 20190528, "Text": "$JMIA - Halt/Delisting Candidate. Blatant Fraud. Former executive testimonies with documented proof of manipulated\u2026 https://t.co/8jVPK3DOFg", "clean_text": "JMIA HALTDELISTING CANDIDATE BLATANT FRAUD FORMER EXECUTIVE TESTIMONIES DOCUMENTED PROOF MANIPULATED", "count1": 0, "count2": 1, "count3": 0, "count4": 0}, {"Name": "AureliusValue", "Time": 20190523, "Text": "$MDXG a complete and utter fraud https://t.co/bg0yxqH60h", "clean_text": "MDXG COMPLETE UTTER FRAUD", "count1": 0, "count2": 1, "count3": 0, "count4": 0}]