["WELL", {"Name": "JohnHuber72", "Time": 20190828, "Text": "@rationalwalk I\u2019ve experimented with fasting running 40-50 miles/wk, and it doesn\u2019t work well for me personally. Gl\u2026 https://t.co/2lzscUu6HK", "clean_text": "@RATIONALWALK EXPERIMENTED FASTING MILESWK DOESNT WELL PERSONALLY GL", "count1": 0, "count2": 0, "count3": 0, "count4": 1}, {"Name": "BergenCapital", "Time": 20190825, "Text": "RT @realDonaldTrump: The question I was asked most today by fellow World Leaders, who think the USA is doing so well and is stronger than e\u2026", "clean_text": "@REALDONALDTRUMP FELLOW LEADERS USA WELL STRONGER", "count1": 0, "count2": 0, "count3": 0, "count4": 1}, {"Name": "FundyLongShort", "Time": 20190821, "Text": "@BluegrassCap @WTCM3 WCM is an amazing firm.  Know them well.", "clean_text": "@BLUEGRASSCAP @WTCM3 WCM AMAZING FIRM WELL", "count1": 1, "count2": 0, "count3": 0, "count4": 1}]