["CONCLUDED", {"Name": "PresciencePoint", "Time": 20191126, "Text": "In our report, we concluded that $MDXG's wrongdoing was mostly limited to end-of-Q channel stuffing &amp; that the vast\u2026 https://t.co/aes7cSkOIN", "clean_text": "REPORT CONCLUDED MDXG WRONGDOING LIMITED ENDOFQ CHANNEL STUFFING AMP VAST", "count1": 0, "count2": 1, "count3": 1, "count4": 0}, {"Name": "PresciencePoint", "Time": 20191126, "Text": "In our Initiation Report, we also concluded that any penalty from the SEC would not be sizable enough to cause\u2026 https://t.co/mz1oUiNOYO", "clean_text": "INITIATION REPORT CONCLUDED PENALTY SEC SIZABLE", "count1": 0, "count2": 1, "count3": 0, "count4": 0}]