["@ELONMUSK", {"Name": "AureliusValue", "Time": 20190927, "Text": "@WallStCynic When @elonmusk laid off all the $SCTY door to door salesman, many went to $VSLR !", "clean_text": "@WALLSTCYNIC @ELONMUSK LAID SCTY SALESMAN VSLR", "count1": 0, "count2": 0, "count3": 1, "count4": 0}, {"Name": "AureliusValue", "Time": 20190927, "Text": "@WallStCynic @elonmusk Then no surprise to see a deceased \"customer\" signing $VSLR solar contract https://t.co/ntX9tZh57K", "clean_text": "@WALLSTCYNIC @ELONMUSK SURPRISE DECEASED CUSTOMER SIGNING VSLR SOLAR CONTRACT", "count1": 1, "count2": 0, "count3": 1, "count4": 0}]