["TECH", {"Name": "TMTanalyst", "Time": 20190917, "Text": "Zaslav with the hoodie vest. Could he not decide this am if he wanted to be a tech bro or a hedgie?", "clean_text": "ZASLAV HOODIE VEST DECIDE TECH BRO HEDGIE", "count1": 0, "count2": 1, "count3": 0, "count4": 0}, {"Name": "ValueDude", "Time": 20190905, "Text": "4) Tech infrastructure \u2013 most of the sportsbooks (both physical AND mobile) underlying infrastructure / back-end is\u2026 https://t.co/5in40HfxiT", "clean_text": "TECH INFRASTRUCTURE SPORTSBOOKS PHYSICAL MOBILE UNDERLYING INFRASTRUCTURE BACKEND", "count1": 0, "count2": 1, "count3": 0, "count4": 0}]