["BXC", {"Name": "JohnHuber72", "Time": 20191126, "Text": "On Value Investors Club, there are 95 comments on the most recent (of three) writeups on $BXC. There are 0 comments on $WFC.", "clean_text": "VALUE INVESTORS CLUB COMMENTS RECENT THREE WRITEUPS BXC COMMENTS WFC", "count1": 0, "count2": 1, "count3": 0, "count4": 0}, {"Name": "JohnHuber72", "Time": 20191126, "Text": "@TravisWiedower @Upper20sStCap Yeah, and I'm not trying to pick on BXC, just using it to make a point that a lot of\u2026 https://t.co/gC1YmRqNSW", "clean_text": "@TRAVISWIEDOWER @UPPER20SSTCAP PICK BXC POINT LOT", "count1": 0, "count2": 1, "count3": 0, "count4": 0}]