["ARTICLE", {"Name": "TruthGundlach", "Time": 20191228, "Text": "LA Times article today on DoubleLine\u2019s success lauds the \u201cfact\u201d there\u2019s been \u201cjust one major firm defection\u201d in 10 years. Close!  It\u2019s zero.", "clean_text": "LA TIMES ARTICLE DOUBLELINES SUCCESS LAUDS FACT\u201d MAJOR FIRM DEFECTION\u201d CLOSE ZERO", "count1": 0, "count2": 0, "count3": 1, "count4": 0}, {"Name": "ActAccordingly", "Time": 20191218, "Text": "@herbgreenberg Every general fights the last war and as this article demonstrates you've seen more than your fair s\u2026 https://t.co/hExjE6a6GN", "clean_text": "@HERBGREENBERG GENERAL FIGHTS WAR ARTICLE DEMONSTRATES YOUVE SEEN FAIR", "count1": 0, "count2": 0, "count3": 1, "count4": 0}]