["@PYTHIAR", {"Name": "marketfolly", "Time": 20190917, "Text": "@bradsling @JerryCap @BluegrassCap @PythiaR @CoreDentalDDS @LSValue @nosunkcosts \u201cI get nothing from my bank or a c\u2026 https://t.co/wEJ5qgMIK8", "clean_text": "@BRADSLING @JERRYCAP @BLUEGRASSCAP @PYTHIAR @COREDENTALDDS @LSVALUE @NOSUNKCOSTS BANK", "count1": 0, "count2": 0, "count3": 1, "count4": 1}, {"Name": "marketfolly", "Time": 20190917, "Text": "@bradsling @JerryCap @BluegrassCap @PythiaR @CoreDentalDDS @LSValue @nosunkcosts New platforms could lower cost sur\u2026 https://t.co/BmNueso8cM", "clean_text": "@BRADSLING @JERRYCAP @BLUEGRASSCAP @PYTHIAR @COREDENTALDDS @LSVALUE @NOSUNKCOSTS PLATFORMS LOWER COST SUR", "count1": 0, "count2": 0, "count3": 1, "count4": 1}]