["ADVICE", {"Name": "JohnHuber72", "Time": 20191223, "Text": "The Peter Lynch Barron's piece outlines what I think are his 2 most important pieces of advice for investors: own s\u2026 https://t.co/Pn8dGkazjd", "clean_text": "PETER LYNCH BARRON PIECE OUTLINES IMPORTANT PIECES ADVICE INVESTORS", "count1": 0, "count2": 0, "count3": 1, "count4": 0}, {"Name": "JohnHuber72", "Time": 20191218, "Text": "This is such great advice from Munger when it comes to portfolio management. Everyone's trying to be smarter, searc\u2026 https://t.co/ah1Nm90CKZ", "clean_text": "GREAT ADVICE MUNGER PORTFOLIO MANAGEMENT SMARTER SEARC", "count1": 0, "count2": 0, "count3": 1, "count4": 0}]