["MDXG", {"Name": "PresciencePoint", "Time": 20190115, "Text": "Claims of massive fraud are also not supported by the numbers. From FY\u201914 through Q3\u201917, $MDXG reported FCF exceede\u2026 https://t.co/k7URahcoMM", "clean_text": "CLAIMS MASSIVE FRAUD SUPPORTED NUMBERS FY14 Q317 MDXG REPORTED FCF EXCEEDE", "count1": 1, "count2": 0, "count3": 1, "count4": 0}, {"Name": "PresciencePoint", "Time": 20190115, "Text": "Numerous former employees with whom we spoke indicated to us that $MDXG is an end-of-quarter channel stuffing story\u2026 https://t.co/mDfTXEEldc", "clean_text": "NUMEROUS FORMER EMPLOYEES WHOM SPOKE INDICATED MDXG ENDOFQUARTER CHANNEL STUFFING", "count1": 0, "count2": 0, "count3": 1, "count4": 0}, {"Name": "PresciencePoint", "Time": 20190111, "Text": "The key #whistleblower cases against $MDXG also support our conclusion that it did not engage in widespread fraud.\u2026 https://t.co/t3uZwsQl7k", "clean_text": "#WHISTLEBLOWER AGAINST MDXG SUPPORT CONCLUSION ENGAGE WIDESPREAD FRAUD", "count1": 1, "count2": 0, "count3": 1, "count4": 0}, {"Name": "ActivistShorts", "Time": 20190111, "Text": "RT @ActivistInsight: \ud83c\udd95 Activism This Week | Friday, January 11, 2019\n\nRead now: https://t.co/qCqylqMW6y \u2026\n\n$DLTR $MDXG $LUB https://t.co/FF\u2026", "clean_text": "@ACTIVISTINSIGHT ACTIVISM FRIDAY JANUARY DLTR MDXG LUB", "count1": 0, "count2": 0, "count3": 1, "count4": 0}, {"Name": "PresciencePoint", "Time": 20190110, "Text": "We have spoken to numerous physicians and large $MDXG customers. The product is real - this is not Theranos - and i\u2026 https://t.co/QDUuSXeuDD", "clean_text": "SPOKEN NUMEROUS PHYSICIANS LARGE MDXG CUSTOMERS PRODUCT THERANOS", "count1": 0, "count2": 0, "count3": 1, "count4": 0}]