["BUSINESS", {"Name": "AureliusValue", "Time": 20190627, "Text": "$BANC SEC declares J. Sugarman as business partner of Galanis and \"the biggest winner from the fraud\".  Any thought\u2026 https://t.co/Q1UfSoHcrJ", "clean_text": "BANC SEC DECLARES SUGARMAN BUSINESS PARTNER GALANIS BIGGEST WINNER FRAUD", "count1": 0, "count2": 0, "count3": 1, "count4": 0}, {"Name": "KerrisdaleCap", "Time": 20190626, "Text": "The domains business is suffering similar stagnation. Industry growth is abysmal, in low single-digits. Biz is comm\u2026 https://t.co/ziYoULDM4c", "clean_text": "DOMAINS BUSINESS SUFFERING STAGNATION INDUSTRY GROWTH ABYSMAL LOW SINGLEDIGITS BIZ COMM", "count1": 0, "count2": 0, "count3": 1, "count4": 0}, {"Name": "PresciencePoint", "Time": 20190614, "Text": "@Mimedx\u2019s recently filed proxy and credit agreement contain several positive updates regarding the current health of the Co\u2019s business $MDXG", "clean_text": "@MIMEDXS RECENTLY FILED PROXY CREDIT AGREEMENT CONTAIN SEVERAL POSITIVE UPDATES REGARDING CURRENT HEALTH COS BUSINESS MDXG", "count1": 0, "count2": 0, "count3": 1, "count4": 0}]