["MEANT", {"Name": "JohnHuber72", "Time": 20191120, "Text": "@AverageD21 Yeah, what I meant is most competitors either have bigger balance sheets, or more diversified businesse\u2026 https://t.co/fOl0CGazad", "clean_text": "@AVERAGED21 MEANT COMPETITORS EITHER BIGGER BALANCE SHEETS DIVERSIFIED BUSINESSE", "count1": 0, "count2": 1, "count3": 0, "count4": 0}, {"Name": "JohnHuber72", "Time": 20191112, "Text": "This was also back in the day when management fighting shareholder activism literally meant fighting. No need for p\u2026 https://t.co/g5u690oiqe", "clean_text": "MANAGEMENT FIGHTING SHAREHOLDER ACTIVISM LITERALLY MEANT FIGHTING", "count1": 0, "count2": 1, "count3": 0, "count4": 0}]