["RESEARCH", {"Name": "pmarca", "Time": 20190626, "Text": "RT @Golden: 1/ Today we\u2019re pleased to announce the launch of our first paid product - the Golden Research Engine. Query exotic entity types\u2026", "clean_text": "@GOLDEN PLEASED ANNOUNCE LAUNCH PAID PRODUCT GOLDEN RESEARCH ENGINE QUERY EXOTIC ENTITY TYPES", "count1": 0, "count2": 0, "count3": 0, "count4": 1}, {"Name": "pmarca", "Time": 20190626, "Text": "RT @Golden: 3/ The genesis for the Golden Research Engine came from not being able to take results from structured data queries and see can\u2026", "clean_text": "@GOLDEN GENESIS GOLDEN RESEARCH ENGINE RESULTS STRUCTURED DATA QUERIES", "count1": 0, "count2": 0, "count3": 0, "count4": 1}, {"Name": "pmarca", "Time": 20190626, "Text": "RT @Golden: 5/ The Golden Research Engine is designed so you can stay on top of the information you need to know to be super-effective in y\u2026", "clean_text": "@GOLDEN GOLDEN RESEARCH ENGINE DESIGNED STAY INFORMATION SUPEREFFECTIVE", "count1": 0, "count2": 0, "count3": 0, "count4": 1}]