["CASH", {"Name": "MicroFundy", "Time": 20190214, "Text": "RT @sharkbiotech: Does she really think the $3 billion was a cash payment ? or just assuming we all dopes https://t.co/SYaggwNNlD", "clean_text": "@SHARKBIOTECH BILLION CASH PAYMENT ASSUMING DOPES", "count1": 0, "count2": 0, "count3": 1, "count4": 0}, {"Name": "CopperfieldRscr", "Time": 20190214, "Text": "Yet on $TCX eps call (3:40 mark), yesterday found here - https://t.co/vDg7OdKFkx, Mr. Noss said Cash EBITDA was $53\u2026 https://t.co/8PteYULhhs", "clean_text": "TCX EPS MARK YESTERDAY FOUND MR NOSS CASH EBITDA", "count1": 1, "count2": 0, "count3": 1, "count4": 0}, {"Name": "CopperfieldRscr", "Time": 20190214, "Text": "Further, as $TCX invented this $53.7M Cash EBITDA number w/o defining it (when \"normal\" Adjusted EBITDA missed), we\u2026 https://t.co/cQMMxPno61", "clean_text": "FURTHER TCX INVENTED 537M CASH EBITDA NUMBER DEFINING NORMAL ADJUSTED EBITDA MISSED", "count1": 1, "count2": 0, "count3": 1, "count4": 0}, {"Name": "PresciencePoint", "Time": 20190208, "Text": "@KelloggCompany said FY18 cash flow was \u201croughly even\u201d with pre-recast FY17, but $958m is 16.3% less than $1,145m.\u2026 https://t.co/T5mLaTTesS", "clean_text": "@KELLOGGCOMPANY FY18 CASH FLOW ROUGHLY EVEN\u201d PRERECAST FY17 958M 163% 1145M", "count1": 0, "count2": 0, "count3": 1, "count4": 0}]