["@IVAN_BRUSSELS", {"Name": "marketfolly", "Time": 20190208, "Text": "@ivan_brussels Interesting distinction. If H has the better brand, what stops it from being a better business? ROI\u2026 https://t.co/YOlICfvcTN", "clean_text": "@IVAN_BRUSSELS INTERESTING DISTINCTION BRAND STOPS BUSINESS ROI", "count1": 0, "count2": 0, "count3": 1, "count4": 0}, {"Name": "marketfolly", "Time": 20190208, "Text": "@Butler60S @BluegrassCap @ivan_brussels Could certainly argue Gucci\u2019s demand swings are more volatile thus renderin\u2026 https://t.co/fd55W2U2BF", "clean_text": "@BUTLER60S @BLUEGRASSCAP @IVAN_BRUSSELS CERTAINLY ARGUE GUCCIS DEMAND SWINGS VOLATILE RENDERIN", "count1": 0, "count2": 0, "count3": 1, "count4": 0}]