["BUFFETT", {"Name": "JohnHuber72", "Time": 20190721, "Text": "@patrick_oshag This will get yawns from the Buffett fatigue crowd, but I try to read his letters each year. I alway\u2026 https://t.co/AdXbhNLT3h", "clean_text": "@PATRICK_OSHAG YAWNS BUFFETT FATIGUE CROWD LETTERS ALWAY", "count1": 0, "count2": 0, "count3": 0, "count4": 1}, {"Name": "JohnHuber72", "Time": 20190718, "Text": "One of Buffett's most underrated skills is independent thought. He follows his common sense principles, but avoids\u2026 https://t.co/c7XulEmfvN", "clean_text": "BUFFETT UNDERRATED SKILLS INDEPENDENT FOLLOWS COMMON SENSE PRINCIPLES AVOIDS", "count1": 0, "count2": 0, "count3": 0, "count4": 1}]