["BOARD", {"Name": "PresciencePoint", "Time": 20190808, "Text": "Another positive development from the new @MiMedx board \u201cMiMedx Announces Agreement Regarding 2019 and 2020 Shareho\u2026 https://t.co/SvBneLIVm1", "clean_text": "POSITIVE DEVELOPMENT @MIMEDX BOARD MIMEDX ANNOUNCES AGREEMENT REGARDING SHAREHO", "count1": 1, "count2": 0, "count3": 0, "count4": 0}, {"Name": "GrantsPub", "Time": 20190806, "Text": "Almost Daily Grant's 8/6: Bogey board     https://t.co/2SGk5XqIiq https://t.co/sDLkNDKJot", "clean_text": "GRANT BOGEY BOARD", "count1": 1, "count2": 0, "count3": 0, "count4": 0}]