["SPORTS", {"Name": "ValueDude", "Time": 20190913, "Text": "Degen NJ Sports Betting August 2019 summary:\n$294mm handle = ~ $249mm mobile / online + ~ $44mm physical / retail\nv\u2026 https://t.co/3bunLpJE0b", "clean_text": "DEGEN NJ SPORTS BETTING AUGUST 294MM HANDLE 249MM MOBILE ONLINE 44MM PHYSICAL RETAIL", "count1": 1, "count2": 0, "count3": 0, "count4": 0}, {"Name": "ValueDude", "Time": 20190913, "Text": "Takeaways:\n1) meh - August is a dead sports betting month... but wait...\n2) oh crap! - $294mm for a dead month!  Da\u2026 https://t.co/5fepmnvo5z", "clean_text": "TAKEAWAYS MEH AUGUST DEAD SPORTS BETTING CRAP 294MM DEAD DA", "count1": 1, "count2": 0, "count3": 0, "count4": 0}, {"Name": "ValueDude", "Time": 20190913, "Text": "4) Mobile was 85% of all sports wagers.  85%!  ARE YOU LISTENING YOU HALF-MEASURE LOSERS?!?! (AR/DE/IN/MS/NM/NY/OR)\u2026 https://t.co/BTGq1BirE8", "clean_text": "MOBILE 85% SPORTS WAGERS 85% LISTENING HALFMEASURE LOSERS ARDEINMSNMNYOR", "count1": 1, "count2": 0, "count3": 0, "count4": 0}]