["GOOD", {"Name": "AureliusValue", "Time": 20190917, "Text": "RT @TheIpHawk: Not a good look for $HIIQ. No position. https://t.co/979Fo6gnsN", "clean_text": "@THEIPHAWK GOOD HIIQ POSITION", "count1": 0, "count2": 0, "count3": 0, "count4": 1}, {"Name": "JohnHuber72", "Time": 20190916, "Text": "A good checklist item investors often pay lip service to but mostly ignore is whether you would buy the stock if th\u2026 https://t.co/EpjLo3r9kX", "clean_text": "GOOD CHECKLIST ITEM INVESTORS PAY LIP SERVICE IGNORE WHETHER BUY STOCK", "count1": 0, "count2": 0, "count3": 0, "count4": 1}]