["IPO", {"Name": "AureliusValue", "Time": 20190720, "Text": "Can\u2019t wait for the IPO @AlderLaneeggs \n\nhttps://t.co/4vg43QaHQ2", "clean_text": "IPO @ALDERLANEEGGS", "count1": 0, "count2": 0, "count3": 1, "count4": 0}, {"Name": "JohnHuber72", "Time": 20190716, "Text": "@ojaz12 @afc The huge returns have mostly come from revenue growth. SHOP\u2019s multiple is only 1.33x higher than IPO,\u2026 https://t.co/esOp1mdwVI", "clean_text": "@OJAZ12 @AFC HUGE RETURNS COME REVENUE GROWTH SHOPS MULTIPLE 133X HIGHER IPO", "count1": 1, "count2": 0, "count3": 1, "count4": 0}]