["FORMER", {"Name": "CitronResearch", "Time": 20190513, "Text": "$JMIA is a ZERO Former E&amp;Y executive and another leading African Tech thinker calling $JMIA a \"Big Fraud\" His word,\u2026 https://t.co/1Fp2vVRdER", "clean_text": "JMIA ZERO FORMER EAMPY EXECUTIVE LEADING AFRICAN TECH THINKER CALLING JMIA FRAUD WORD", "count1": 0, "count2": 1, "count3": 0, "count4": 1}, {"Name": "PresciencePoint", "Time": 20190507, "Text": "$MDXG's potential has been jeopardized by ineffective Board oversight and alleged wrongdoing by former mgmt, which\u2026 https://t.co/AN8bYCugzT", "clean_text": "MDXG POTENTIAL JEOPARDIZED INEFFECTIVE BOARD OVERSIGHT ALLEGED WRONGDOING FORMER MGMT", "count1": 0, "count2": 0, "count3": 0, "count4": 1}]