["MISS", {"Name": "xuexishenghuo", "Time": 20190801, "Text": "3/3 - if these businesses went away tomorrow, would anyone miss them? https://t.co/ifOFzGnjv3", "clean_text": "BUSINESSES TOMORROW MISS", "count1": 0, "count2": 0, "count3": 1, "count4": 0}, {"Name": "MicroFundy", "Time": 20190726, "Text": "@CapitalObserver @michaelsantoli @TheStalwart i know, right! I miss it sometimes", "clean_text": "@CAPITALOBSERVER @MICHAELSANTOLI @THESTALWART MISS", "count1": 0, "count2": 0, "count3": 1, "count4": 1}]