["ALLEN", {"Name": "TruthGundlach", "Time": 20191111, "Text": "No question Josh Allen has a cannon arm but he\u2019s yet to connect on a deep vertical route in his Bills career!Every try\u2019s been a wasted down.", "clean_text": "JOSH ALLEN CANNON ARM CONNECT DEEP VERTICAL ROUTE BILLS CAREEREVERY TRYS WASTED DOWN", "count1": 0, "count2": 0, "count3": 0, "count4": 1}, {"Name": "TruthGundlach", "Time": 20191111, "Text": "Josh Allen has had receivers open on the vertical many times this season. To his credit he has read it. But he has not once made the throw.", "clean_text": "JOSH ALLEN RECEIVERS OPEN VERTICAL TIMES SEASON CREDIT THROW", "count1": 0, "count2": 0, "count3": 0, "count4": 1}]