["FORMER", {"Name": "CitronResearch", "Time": 20190528, "Text": "$JMIA - Halt/Delisting Candidate. Blatant Fraud. Former executive testimonies with documented proof of manipulated\u2026 https://t.co/8jVPK3DOFg", "clean_text": "JMIA HALTDELISTING CANDIDATE BLATANT FRAUD FORMER EXECUTIVE TESTIMONIES DOCUMENTED PROOF MANIPULATED", "count1": 0, "count2": 0, "count3": 0, "count4": 1}, {"Name": "AureliusValue", "Time": 20190523, "Text": "RT @CGrantWSJ: MiMedx Group announces audit committee investigation finds \"extensive misconduct\" by former senior management. https://t.co/\u2026", "clean_text": "@CGRANTWSJ MIMEDX ANNOUNCES AUDIT COMMITTEE INVESTIGATION EXTENSIVE MISCONDUCT FORMER SENIOR MANAGEMENT", "count1": 0, "count2": 0, "count3": 0, "count4": 1}]