["INVESTOR", {"Name": "JohnHuber72", "Time": 20191114, "Text": "New Post: Black Edge (some comments from Saber's latest investor letter) https://t.co/ipCk4Hxg2T", "clean_text": "POST BLACK EDGE COMMENTS SABER INVESTOR LETTER", "count1": 1, "count2": 0, "count3": 0, "count4": 0}, {"Name": "activiststocks", "Time": 20191107, "Text": "AT&amp;T\u2019s CEO Appeased Activist Investor Elliott Management https://t.co/Zs1s5h9fTZ", "clean_text": "ATAMPTS CEO APPEASED ACTIVIST INVESTOR ELLIOTT MANAGEMENT", "count1": 1, "count2": 0, "count3": 0, "count4": 0}]