["FORMER", {"Name": "PresciencePoint", "Time": 20191126, "Text": "Finally, we applaud the SEC for their indictment of former $MDXG CEO Parker \u201cPete\u201d Petit and two other former execu\u2026 https://t.co/UKPZQINHnI", "clean_text": "APPLAUD SEC INDICTMENT FORMER MDXG CEO PARKER PETE\u201d PETIT FORMER EXECU", "count1": 0, "count2": 2, "count3": 0, "count4": 0}, {"Name": "AureliusValue", "Time": 20191126, "Text": "$MDXG parallel proceedings filed by SEC against Mimedx and former executives for orchestrating \"pervasive, long run\u2026 https://t.co/SD10xQlw17", "clean_text": "MDXG PARALLEL PROCEEDINGS FILED SEC AGAINST MIMEDX FORMER EXECUTIVES ORCHESTRATING PERVASIVE LONG", "count1": 0, "count2": 1, "count3": 0, "count4": 1}, {"Name": "AureliusValue", "Time": 20191118, "Text": "RT @CapitolistPig: $HIIQ: Former Dorfman CMO Works For/With HIIQ Now\n\nhttps://t.co/yW0RNoM5zr", "clean_text": "@CAPITOLISTPIG HIIQ FORMER DORFMAN CMO WORKS FORWITH HIIQ", "count1": 0, "count2": 1, "count3": 0, "count4": 0}]