["SHORT", {"Name": "ActivistShorts", "Time": 20190220, "Text": "Featuring a discussion of activist short selling, which hit a record high in Canada last year. https://t.co/VdF9yT6fQP", "clean_text": "FEATURING DISCUSSION ACTIVIST SHORT SELLING HIGH CANADA", "count1": 0, "count2": 1, "count3": 0, "count4": 0}, {"Name": "GothamResearch", "Time": 20190218, "Text": "This unprecedented short selling ban, like other bans that preceded it, appears to be motivated by the desire to ca\u2026 https://t.co/lAz1oob99s", "clean_text": "UNPRECEDENTED SHORT SELLING BAN BANS PRECEDED MOTIVATED DESIRE CA", "count1": 0, "count2": 1, "count3": 0, "count4": 1}, {"Name": "GothamResearch", "Time": 20190218, "Text": "Don\u2019t trust us: BAFIN\u2019s counterpart in the USA, the SEC itself, has expressed regret over past short selling bans.\u2026 https://t.co/GCx5AKo9F5", "clean_text": "TRUST BAFINS COUNTERPART USA SEC ITSELF EXPRESSED REGRET PAST SHORT SELLING BANS", "count1": 0, "count2": 1, "count3": 0, "count4": 1}, {"Name": "GothamResearch", "Time": 20190218, "Text": "Though Germany is a different country from the USA, and its experience with short selling may differ from the USA\u2019s\u2026 https://t.co/t4NcacO9NG", "clean_text": "GERMANY COUNTRY USA EXPERIENCE SHORT SELLING DIFFER USAS", "count1": 0, "count2": 1, "count3": 0, "count4": 0}, {"Name": "footnoted", "Time": 20190214, "Text": "2. Keep in mind that some of these filings are short and sweet (like a Form 4) and others are pretty hefty.", "clean_text": "MIND FILINGS SHORT SWEET FORM HEFTY", "count1": 0, "count2": 1, "count3": 0, "count4": 0}, {"Name": "ActivistShorts", "Time": 20190212, "Text": "@sveaherbst @muddywatersre @CitronResearch Citron was also short Inogen in May 2018.", "clean_text": "@SVEAHERBST @MUDDYWATERSRE @CITRONRESEARCH CITRON SHORT INOGEN", "count1": 0, "count2": 1, "count3": 0, "count4": 0}, {"Name": "ActivistShorts", "Time": 20190211, "Text": "This could be 2019's fifteenth activist short campaign - and the third in an as many months from @sprucepointcap. https://t.co/36HQZ4vAIR", "clean_text": "FIFTEENTH ACTIVIST SHORT CAMPAIGN THIRD @SPRUCEPOINTCAP", "count1": 0, "count2": 1, "count3": 0, "count4": 0}]