["FIXING", {"Name": "AureliusValue", "Time": 20190612, "Text": "RT @AlderLaneeggs: Move Over, Martin Shkreli: This Pharma Exec Is Accused Of Fixing Prices On 107 Drugs Stick a Fork in $LCI, the Party ove\u2026", "clean_text": "@ALDERLANEEGGS MARTIN SHKRELI PHARMA EXEC ACCUSED FIXING PRICES DRUGS STICK FORK LCI PARTY OVE", "count1": 0, "count2": 1, "count3": 0, "count4": 0}, {"Name": "AureliusValue", "Time": 20190612, "Text": "$LCI How can the \"most important capo\" of the alleged price fixing scheme remain a key officer at Lannett?  No expl\u2026 https://t.co/Cps7y4gUuI", "clean_text": "LCI IMPORTANT CAPO ALLEGED PRICE FIXING SCHEME REMAIN OFFICER LANNETT EXPL", "count1": 0, "count2": 1, "count3": 0, "count4": 0}]