["EARLIER", {"Name": "AureliusValue", "Time": 20190904, "Text": "@TheIpHawk What a circus. This is the tweet $TEUM Audit Committee member @sante_yves deleted earlier this year: https://t.co/u8xAQCWckW", "clean_text": "@THEIPHAWK CIRCUS TWEET TEUM AUDIT COMMITTEE MEMBER @SANTE_YVES DELETED EARLIER", "count1": 0, "count2": 1, "count3": 0, "count4": 0}, {"Name": "marketfolly", "Time": 20190830, "Text": "Forgot to link this earlier: Dan Loeb\u2019s Third Point builds stake in Essilor Luxottica https://t.co/cMq8WZqkLX", "clean_text": "FORGOT EARLIER DAN LOEBS THIRD POINT BUILDS STAKE ESSILOR LUXOTTICA", "count1": 0, "count2": 1, "count3": 0, "count4": 0}]