["WORRY", {"Name": "KerrisdaleCap", "Time": 20190207, "Text": "@kor_capital It's not a worry for us. $I is a holding in very seasoned PE funds where other investments have been s\u2026 https://t.co/KuNbKxPhl3", "clean_text": "@KOR_CAPITAL WORRY HOLDING SEASONED PE FUNDS INVESTMENTS", "count1": 0, "count2": 1, "count3": 0, "count4": 0}, {"Name": "KerrisdaleCap", "Time": 20190206, "Text": "@kor_capital I can share my thoughts on our 11am call, but long story short, I don't think it's a worry. $I is a ho\u2026 https://t.co/ePSgfZq9N0", "clean_text": "@KOR_CAPITAL SHARE THOUGHTS 11AM LONG SHORT WORRY HO", "count1": 0, "count2": 1, "count3": 0, "count4": 0}]