["NUS", {"Name": "xuexishenghuo", "Time": 20190401, "Text": "SAMR is adjusting, eliminating, and reconsidering some of the previously approved health benefit claims for \"health products\" $NUS $USNA", "clean_text": "SAMR ADJUSTING ELIMINATING RECONSIDERING PREVIOUSLY APPROVED HEALTH BENEFIT CLAIMS HEALTH PRODUCTS NUS USNA", "count1": 0, "count2": 0, "count3": 0, "count4": 1}, {"Name": "xuexishenghuo", "Time": 20190401, "Text": "some $NUS products in these categories https://t.co/WHCRRsuzy0", "clean_text": "NUS PRODUCTS CATEGORIES", "count1": 0, "count2": 0, "count3": 0, "count4": 1}, {"Name": "xuexishenghuo", "Time": 20190401, "Text": "more $NUS products in these categories https://t.co/oczAiT3h85", "clean_text": "NUS PRODUCTS CATEGORIES", "count1": 0, "count2": 0, "count3": 0, "count4": 1}, {"Name": "xuexishenghuo", "Time": 20190401, "Text": "$NUS quickly rolled over and settled with the deceased associate\u2019s family. But can they put the regulator genie bac\u2026 https://t.co/l2lIUG2VKK", "clean_text": "NUS QUICKLY ROLLED SETTLED DECEASED ASSOCIATES FAMILY REGULATOR GENIE BAC", "count1": 0, "count2": 0, "count3": 0, "count4": 1}, {"Name": "xuexishenghuo", "Time": 20190401, "Text": "SAMR will require warning signs akin to tobacco labels on all \"health products\" $USNA $NUS https://t.co/c1lGynth6x", "clean_text": "SAMR REQUIRE WARNING SIGNS AKIN TOBACCO LABELS HEALTH PRODUCTS USNA NUS", "count1": 0, "count2": 0, "count3": 0, "count4": 1}, {"Name": "xuexishenghuo", "Time": 20190329, "Text": "SAMR press conference - crack down on \u201chealth products\u201d will continue beyond the 100day campaign $NUS $USNA $NHTC https://t.co/8zkEotZBNO", "clean_text": "SAMR PRESS CONFERENCE CRACK DOWN HEALTH PRODUCTS\u201d CONTINUE 100DAY CAMPAIGN NUS USNA NHTC", "count1": 0, "count2": 0, "count3": 0, "count4": 1}, {"Name": "xuexishenghuo", "Time": 20190329, "Text": "SAMR will continue to crack down exaggerated claims made by \u201chealth products\u201d companies and advertisers $NUS $USNA\u2026 https://t.co/9e56P4Gxy6", "clean_text": "SAMR CONTINUE CRACK DOWN EXAGGERATED CLAIMS HEALTH PRODUCTS\u201d COMPANIES ADVERTISERS NUS USNA", "count1": 0, "count2": 0, "count3": 0, "count4": 1}, {"Name": "xuexishenghuo", "Time": 20190329, "Text": "Dead $NUS associate\u2019s family has contacted Beijing government. Officials said they are in contact with the family. https://t.co/6PCWvu6htQ", "clean_text": "DEAD NUS ASSOCIATES FAMILY CONTACTED BEIJING OFFICIALS CONTACT FAMILY", "count1": 0, "count2": 0, "count3": 0, "count4": 1}, {"Name": "xuexishenghuo", "Time": 20190327, "Text": "Last chance to get names with blow up risk out of your next 13F  $NUS $USNA", "clean_text": "CHANCE BLOW RISK 13F NUS USNA", "count1": 0, "count2": 0, "count3": 0, "count4": 1}, {"Name": "xuexishenghuo", "Time": 20190325, "Text": "Chinese consumer report points out that $NUS probiotics product is \u201cUseless\u201d https://t.co/WmUNnicnpA", "clean_text": "CHINESE CONSUMER REPORT POINTS NUS PROBIOTICS PRODUCT USELESS\u201d", "count1": 0, "count2": 0, "count3": 0, "count4": 1}]