["WELLCAPITALIZED", {"Name": "JohnHuber72", "Time": 20190701, "Text": "The latest CCAR results once again demonstrate how well-capitalized the US banking system is, and as a result, the\u2026 https://t.co/zkNZtUMmKb", "clean_text": "CCAR RESULTS DEMONSTRATE WELLCAPITALIZED BANKING SYSTEM RESULT", "count1": 0, "count2": 0, "count3": 1, "count4": 0}, {"Name": "KerrisdaleCap", "Time": 20190626, "Text": "Organic subscribers have declined at Ting Mobile since 2017, ever since well-capitalized cable operators like Comca\u2026 https://t.co/z7AQGt9APk", "clean_text": "ORGANIC SUBSCRIBERS DECLINED TING MOBILE WELLCAPITALIZED CABLE OPERATORS COMCA", "count1": 0, "count2": 0, "count3": 1, "count4": 0}]