["HEDGE", {"Name": "activiststocks", "Time": 20191107, "Text": "Bulgari\u2019s Former CEO Plans Hedge Fund With Advisers to Elliott https://t.co/vMoQar6xIU", "clean_text": "BULGARIS FORMER CEO PLANS HEDGE FUND ADVISERS ELLIOTT", "count1": 0, "count2": 0, "count3": 0, "count4": 1}, {"Name": "activiststocks", "Time": 20191106, "Text": "Bulgari\u2019s Former CEO Plans Hedge Fund With Advisers to Elliott https://t.co/V6AZU6SAu0", "clean_text": "BULGARIS FORMER CEO PLANS HEDGE FUND ADVISERS ELLIOTT", "count1": 0, "count2": 0, "count3": 0, "count4": 1}]