["OLDER", {"Name": "TMTanalyst", "Time": 20190413, "Text": "@QuisitiveInvest @GavinSBaker Dis + is probably going after kids starting at your older ones age. Kids watch the sa\u2026 https://t.co/i7kEQfoezc", "clean_text": "@QUISITIVEINVEST @GAVINSBAKER DIS KIDS STARTING OLDER KIDS WATCH SA", "count1": 1, "count2": 0, "count3": 0, "count4": 1}, {"Name": "TMTanalyst", "Time": 20190413, "Text": "@GavinSBaker @QuisitiveInvest But kids., say 7+ discover older shows on Netflix that had commercials and now don\u2019t.\u2026 https://t.co/ps2WaC2BPf", "clean_text": "@GAVINSBAKER @QUISITIVEINVEST KIDS 7+ DISCOVER OLDER NETFLIX COMMERCIALS", "count1": 1, "count2": 0, "count3": 0, "count4": 1}]