["@KELLOGGCOMPANY", {"Name": "PresciencePoint", "Time": 20190208, "Text": "@KelloggCompany said FY18 cash flow was \u201croughly even\u201d with pre-recast FY17, but $958m is 16.3% less than $1,145m.\u2026 https://t.co/T5mLaTTesS", "clean_text": "@KELLOGGCOMPANY FY18 CASH FLOW ROUGHLY EVEN\u201d PRERECAST FY17 958M 163% 1145M", "count1": 0, "count2": 0, "count3": 0, "count4": 1}, {"Name": "PresciencePoint", "Time": 20190207, "Text": ".@KelloggCompany earnings not good. Guidance for flat FY19 EBIT will be more challenging than meets the eye\u2026it\u2019s se\u2026 https://t.co/R7plX8rhag", "clean_text": "@KELLOGGCOMPANY EARNINGS GOOD GUIDANCE FLAT FY19 EBIT CHALLENGING MEETS EYEITS SE", "count1": 0, "count2": 0, "count3": 0, "count4": 1}, {"Name": "PresciencePoint", "Time": 20190207, "Text": "High level of skeptical questions from sell side analysts today on the $K earnings call @KelloggCompany", "clean_text": "HIGH LEVEL SKEPTICAL QUESTIONS SELL SIDE ANALYSTS EARNINGS @KELLOGGCOMPANY", "count1": 0, "count2": 0, "count3": 0, "count4": 1}, {"Name": "PresciencePoint", "Time": 20190207, "Text": "Today's results from @KelloggCompany are further evidence that the financial reckoning we predicted is gaining spee\u2026 https://t.co/PAESePtojp", "clean_text": "RESULTS @KELLOGGCOMPANY FURTHER EVIDENCE FINANCIAL RECKONING PREDICTED GAINING SPEE", "count1": 0, "count2": 0, "count3": 0, "count4": 1}, {"Name": "PresciencePoint", "Time": 20190207, "Text": "The next shoe to drop for @KelloggCompany will be a credit downgrade or a dividend cut, as we stated in our origina\u2026 https://t.co/pfmryVRgsn", "clean_text": "SHOE DROP @KELLOGGCOMPANY CREDIT DOWNGRADE DIVIDEND CUT STATED ORIGINA", "count1": 0, "count2": 0, "count3": 0, "count4": 1}]