["PAYS", {"Name": "AureliusValue", "Time": 20191122, "Text": "$PAYS one of only 96 prohibited accountants / auditors listed by OTC Markets in the entire country operating \"behin\u2026 https://t.co/YciTzfkaPr", "clean_text": "PAYS PROHIBITED ACCOUNTANTS AUDITORS OTC ENTIRE COUNTRY OPERATING BEHIN", "count1": 0, "count2": 0, "count3": 0, "count4": 1}, {"Name": "AureliusValue", "Time": 20191121, "Text": "$PAYS: What Happens in Vegas https://t.co/ZDINI1XBR8 via @AureliusValue", "clean_text": "PAYS HAPPENS VEGAS @AURELIUSVALUE", "count1": 0, "count2": 0, "count3": 0, "count4": 1}]