["@GOLDENCASKCAP", {"Name": "xuexishenghuo", "Time": 20190821, "Text": "@goldencaskcap Who says rice has no feelings?", "clean_text": "@GOLDENCASKCAP RICE FEELINGS", "count1": 1, "count2": 0, "count3": 0, "count4": 0}, {"Name": "xuexishenghuo", "Time": 20190819, "Text": "@jackycwong @goldencaskcap if it is anything remotely resembling \u4e91\u817f\u6708\u997c, it would be goooood", "clean_text": "@JACKYCWONG @GOLDENCASKCAP REMOTELY RESEMBLING \u4e91\u817f\u6708\u997c GOOOOOD", "count1": 1, "count2": 0, "count3": 0, "count4": 0}, {"Name": "xuexishenghuo", "Time": 20190816, "Text": "@goldencaskcap Par for the course wrt Hony", "clean_text": "@GOLDENCASKCAP PAR COURSE WRT HONY", "count1": 1, "count2": 0, "count3": 0, "count4": 0}]