["RECYCLING", {"Name": "footnoted", "Time": 20190309, "Text": "Instead of my normal #fridaynightdump, I visited a real dump last night. Well, technically a recycling facility. Th\u2026 https://t.co/rum0VZrpZ7", "clean_text": "NORMAL #FRIDAYNIGHTDUMP VISITED DUMP WELL TECHNICALLY RECYCLING FACILITY", "count1": 0, "count2": 1, "count3": 0, "count4": 0}, {"Name": "footnoted", "Time": 20190309, "Text": "@Nonrelatedsense It handles recycling for all of Brooklyn, part of Manhattan and part of Queens. Pretty amazing to see all of that stuff.", "clean_text": "@NONRELATEDSENSE HANDLES RECYCLING BROOKLYN MANHATTAN QUEENS AMAZING STUFF", "count1": 0, "count2": 1, "count3": 1, "count4": 0}]