["PETE", {"Name": "PresciencePoint", "Time": 20190612, "Text": "RT @MiMedx: Glass Lewis, a leading independent proxy advisory firm, considers Pete Petit unfit for board service at MiMedx. Read what Glass\u2026", "clean_text": "@MIMEDX GLASS LEWIS LEADING INDEPENDENT PROXY ADVISORY FIRM CONSIDERS PETE PETIT UNFIT BOARD SERVICE MIMEDX GLASS", "count1": 1, "count2": 0, "count3": 0, "count4": 0}, {"Name": "PresciencePoint", "Time": 20190611, "Text": "RT @MiMedx: Read what expert neutral proxy advisors, Institutional Shareholder Services and Egan-Jones, said about Pete Petit &amp; his nominee\u2026", "clean_text": "@MIMEDX NEUTRAL PROXY ADVISORS INSTITUTIONAL SHAREHOLDER SERVICES EGANJONES PETE PETIT AMP NOMINEE", "count1": 1, "count2": 0, "count3": 0, "count4": 0}, {"Name": "PresciencePoint", "Time": 20190610, "Text": "RT @MiMedx: The MiMedx Board believes the election of Pete Petit or either of his nominees would be damaging to the Company\u2019s turnaround ef\u2026", "clean_text": "@MIMEDX MIMEDX BOARD BELIEVES ELECTION PETE PETIT EITHER NOMINEES DAMAGING COMPANYS TURNAROUND EF", "count1": 1, "count2": 0, "count3": 0, "count4": 0}, {"Name": "PresciencePoint", "Time": 20190610, "Text": "RT @MiMedx: Who is Pete Petit? Read a simple summary of the findings from the Audit Committee\u2019s independent investigation to learn the fact\u2026", "clean_text": "@MIMEDX PETE PETIT SIMPLE FINDINGS AUDIT COMMITTEES INDEPENDENT INVESTIGATION FACT", "count1": 1, "count2": 0, "count3": 0, "count4": 0}]