["@MELHICKEN", {"Name": "AureliusValue", "Time": 20191212, "Text": ".@blakeellis3 @melhicken The Avanir actors have reassembled at $NBIX Neurocrine Bio and now collectively paying mil\u2026 https://t.co/iuFSIn6NPc", "clean_text": "@BLAKEELLIS3 @MELHICKEN AVANIR ACTORS REASSEMBLED NBIX NEUROCRINE BIO COLLECTIVELY PAYING MIL", "count1": 1, "count2": 0, "count3": 0, "count4": 0}, {"Name": "AureliusValue", "Time": 20191212, "Text": "@AlderLaneeggs @blakeellis3 @melhicken $NBIX at least they called out his $INSYQ nonsense in this: \n\nHow Wall Stree\u2026 https://t.co/Vbp6q77sw8", "clean_text": "@ALDERLANEEGGS @BLAKEELLIS3 @MELHICKEN NBIX CALLED INSYQ NONSENSE WALL STREE", "count1": 1, "count2": 0, "count3": 0, "count4": 0}]