["CONTRACTED", {"Name": "xuexishenghuo", "Time": 20190307, "Text": "However, in $USNA report to Chinese government, the company only has 223 contracted direct selling personnel in Chi\u2026 https://t.co/2K9gPE6stB", "clean_text": "USNA REPORT CHINESE COMPANY CONTRACTED DIRECT SELLING PERSONNEL CHI", "count1": 0, "count2": 1, "count3": 1, "count4": 0}, {"Name": "xuexishenghuo", "Time": 20190307, "Text": "Oriflame $ORI.ss generates 202m euro sales in China with over 50K contracted direct selling personnel 5/N https://t.co/OB969oMcD4", "clean_text": "ORIFLAME ORISS GENERATES 202M EURO SALES 50K CONTRACTED DIRECT SELLING PERSONNEL 5N", "count1": 0, "count2": 1, "count3": 0, "count4": 0}, {"Name": "xuexishenghuo", "Time": 20190307, "Text": "$HLF over $1B sales in China with over 200k contracted direct selling people (this is the ethical one according to some) 6/N", "clean_text": "HLF 1B SALES 200K CONTRACTED DIRECT SELLING ETHICAL ACCORDING 6N", "count1": 0, "count2": 1, "count3": 0, "count4": 0}]