["COUNTY", {"Name": "TruthGundlach", "Time": 20190513, "Text": "Erie County NY legislator Joe Lorigo: \u201crenege on the $5mm AK360 pledge; infrastructure is more important\u201d. Uh, AK360 is infrastructure, man!", "clean_text": "ERIE COUNTY NY LEGISLATOR JOE LORIGO RENEGE 5MM AK360 PLEDGE INFRASTRUCTURE IMPORTANT\u201d UH AK360 INFRASTRUCTURE", "count1": 0, "count2": 0, "count3": 1, "count4": 0}, {"Name": "TruthGundlach", "Time": 20190513, "Text": "The outcome AK360 hopes to achieve would reap economic benefits to Buffalo and Erie County far exceeding the public funds so wisely pledged.", "clean_text": "OUTCOME AK360 HOPES ACHIEVE REAP ECONOMIC BENEFITS BUFFALO ERIE COUNTY EXCEEDING PUBLIC FUNDS WISELY PLEDGED", "count1": 0, "count2": 0, "count3": 1, "count4": 0}]