["GRANT", {"Name": "GrantsPub", "Time": 20191012, "Text": "New Grant's Podcast: Goldfinger\n@RealRickRule https://t.co/RL1TNRxGNc", "clean_text": "GRANT PODCAST GOLDFINGER @REALRICKRULE", "count1": 0, "count2": 1, "count3": 0, "count4": 0}, {"Name": "GrantsPub", "Time": 20191011, "Text": "David Rosenberg of Gluskin Sheff + Associates will be speaking at the upcoming Grant's 2019 Fall Conference.\n\nRegis\u2026 https://t.co/X2T3f4XdrV", "clean_text": "DAVID ROSENBERG GLUSKIN SHEFF ASSOCIATES SPEAKING UPCOMING GRANT FALL CONFERENCE REGIS", "count1": 0, "count2": 1, "count3": 0, "count4": 0}, {"Name": "GrantsPub", "Time": 20191003, "Text": "New Grant's Podcast: Don't fear the repo.\n@GeorgeSelgin https://t.co/yNWeXRJqTe", "clean_text": "GRANT PODCAST FEAR REPO @GEORGESELGIN", "count1": 0, "count2": 1, "count3": 0, "count4": 0}]