["GLENVIEW", {"Name": "marketfolly", "Time": 20191031, "Text": "Larry Robbins\u2019 Glenview Capital trims its Brookdale Senior Living stake https://t.co/HjJG6U43HF $BKD", "clean_text": "LARRY ROBBINS GLENVIEW CAPITAL TRIMS BROOKDALE SENIOR LIVING STAKE BKD", "count1": 0, "count2": 0, "count3": 1, "count4": 0}, {"Name": "marketfolly", "Time": 20191021, "Text": "Larry Robbins\u2019 hedge fund Glenview Capital files 13D on Meritor https://t.co/tqRsYW3fQA $MTOR", "clean_text": "LARRY ROBBINS HEDGE FUND GLENVIEW CAPITAL 13D MERITOR MTOR", "count1": 0, "count2": 0, "count3": 1, "count4": 1}]