["PLANS", {"Name": "activiststocks", "Time": 20191029, "Text": "Marathon Petroleum Plans to Spin Off Gas Stations, May Shake Up Leaders https://t.co/Wuji4g22UP", "clean_text": "MARATHON PETROLEUM PLANS SPIN GAS STATIONS SHAKE LEADERS", "count1": 1, "count2": 0, "count3": 0, "count4": 0}, {"Name": "GothamResearch", "Time": 20191022, "Text": "Tile Shop $TTS plans to delist ... TTS.q (literally)", "clean_text": "TILE SHOP TTS PLANS DELIST TTSQ LITERALLY", "count1": 1, "count2": 0, "count3": 0, "count4": 0}]