["BIZ", {"Name": "KerrisdaleCap", "Time": 20190626, "Text": "The domains business is suffering similar stagnation. Industry growth is abysmal, in low single-digits. Biz is comm\u2026 https://t.co/ziYoULDM4c", "clean_text": "DOMAINS BUSINESS SUFFERING STAGNATION INDUSTRY GROWTH ABYSMAL LOW SINGLEDIGITS BIZ COMM", "count1": 1, "count2": 1, "count3": 0, "count4": 0}, {"Name": "KerrisdaleCap", "Time": 20190626, "Text": "Tiny fiber biz is overhyped. No public company \u2013 not $VZ, not $GOOGL \u2013 has generated a high ROIC fiber network. Nor\u2026 https://t.co/lGYCJWD8Oa", "clean_text": "TINY FIBER BIZ OVERHYPED PUBLIC COMPANY VZ GOOGL GENERATED HIGH ROIC FIBER NETWORK", "count1": 1, "count2": 0, "count3": 0, "count4": 0}]