["PASSIVE", {"Name": "JohnHuber72", "Time": 20190926, "Text": "It makes no sense to say that there is a bubble in passive investing when the vast majority of inflows to passive i\u2026 https://t.co/7IlvMlGKuS", "clean_text": "SENSE BUBBLE PASSIVE INVESTING VAST MAJORITY INFLOWS PASSIVE", "count1": 2, "count2": 1, "count3": 0, "count4": 0}, {"Name": "JohnHuber72", "Time": 20190926, "Text": "Calling passive a bubble would have been like calling shopping at HD or WMT over the Mom &amp; Pops a bubble in the 198\u2026 https://t.co/VhAnZqUSVr", "clean_text": "CALLING PASSIVE BUBBLE CALLING SHOPPING HD WMT MOM AMP POPS BUBBLE", "count1": 1, "count2": 0, "count3": 0, "count4": 0}]