["DIET", {"Name": "JohnHuber72", "Time": 20191102, "Text": "@rationalwalk @MarceloPLima I think the best approach is to eat a balanced, whole food, mostly plant based diet. It\u2026 https://t.co/R8glVcGshf", "clean_text": "@RATIONALWALK @MARCELOPLIMA BEST APPROACH EAT BALANCED WHOLE FOOD PLANT BASED DIET", "count1": 1, "count2": 0, "count3": 0, "count4": 0}, {"Name": "JohnHuber72", "Time": 20191102, "Text": "@dale_landry That\u2019s probably true. I get this is amateur hour. Diet opinions are reaching religious/political level\u2026 https://t.co/Jaw6Mh61Fm", "clean_text": "@DALE_LANDRY AMATEUR DIET OPINIONS REACHING RELIGIOUSPOLITICAL LEVEL", "count1": 1, "count2": 0, "count3": 0, "count4": 0}, {"Name": "JohnHuber72", "Time": 20191102, "Text": "@rationalwalk @Kevin_Holloway @MarceloPLima Good point. Another similarity between diet and investing is how people\u2026 https://t.co/38vSfWHNCr", "clean_text": "@RATIONALWALK @KEVIN_HOLLOWAY @MARCELOPLIMA GOOD POINT SIMILARITY DIET INVESTING", "count1": 1, "count2": 0, "count3": 0, "count4": 0}]