["AMP", {"Name": "marketfolly", "Time": 20190830, "Text": "Dr. Michael Burry\u2019s been busy lately. Scion Asset files 13D on Tailored Brands $TLRD showing increased stake &amp; new\u2026 https://t.co/XVvsNFBi2c", "clean_text": "DR MICHAEL BURRYS LATELY SCION ASSET 13D TAILORED BRANDS TLRD SHOWING INCREASED STAKE AMP", "count1": 0, "count2": 0, "count3": 1, "count4": 0}, {"Name": "marketfolly", "Time": 20190829, "Text": "This is an absolute tour de force of great links.  Investing articles, books &amp; good reading material in general. Hi\u2026 https://t.co/JM12ZdJeNa", "clean_text": "TOUR DE FORCE GREAT LINKS INVESTING ARTICLES BOOKS AMP GOOD MATERIAL GENERAL", "count1": 0, "count2": 0, "count3": 1, "count4": 0}, {"Name": "TruthGundlach", "Time": 20190828, "Text": "Watched 2 videos today on the topic of MMT from chief advocates. The degrees of slight of hand &amp; pretzel logic literally made my brain hurt.", "clean_text": "WATCHED VIDEOS TOPIC MMT CHIEF ADVOCATES DEGREES SLIGHT HAND AMP PRETZEL LOGIC LITERALLY BRAIN HURT", "count1": 0, "count2": 0, "count3": 1, "count4": 0}]