["@WBR10", {"Name": "xuexishenghuo", "Time": 20190226, "Text": "@wbr10 @yesandnotyes Cursory look seems to suggest rev/visitor has been stagnant in recent years and lower than 200\u2026 https://t.co/RpVKtkuLaP", "clean_text": "@WBR10 @YESANDNOTYES CURSORY SUGGEST REVVISITOR STAGNANT RECENT LOWER", "count1": 0, "count2": 0, "count3": 1, "count4": 0}, {"Name": "xuexishenghuo", "Time": 20190226, "Text": "@yesandnotyes @wbr10 Although on USD total returns, Jungfrau is about the same as Vail since 2007", "clean_text": "@YESANDNOTYES @WBR10 ALTHOUGH USD RETURNS JUNGFRAU VAIL", "count1": 0, "count2": 0, "count3": 1, "count4": 0}]