["TEST", {"Name": "KerrisdaleCap", "Time": 20190716, "Text": "AlloSure sales is overwhelmingly comprised of usage in clinical studies designed to test the product's effectivenes\u2026 https://t.co/9D03EMfLiV", "clean_text": "ALLOSURE SALES OVERWHELMINGLY COMPRISED USAGE CLINICAL DESIGNED TEST PRODUCT EFFECTIVENES", "count1": 1, "count2": 0, "count3": 1, "count4": 0}, {"Name": "KerrisdaleCap", "Time": 20190716, "Text": "Poor results expose AlloSure to competition in H2. Natera\u2019s Prospera test is set to enter the market, partnering w/\u2026 https://t.co/yRXtwoP8U3", "clean_text": "POOR RESULTS EXPOSE ALLOSURE COMPETITION H2 NATERAS PROSPERA TEST SET ENTER PARTNERING", "count1": 1, "count2": 0, "count3": 0, "count4": 0}]