["PAST", {"Name": "TruthGundlach", "Time": 20190808, "Text": "And yet, commentary in mainstream media this past week pushed a narrative that the Fed should raise rates due to economy \u201coverheating\u201d. Wow.", "clean_text": "COMMENTARY MAINSTREAM MEDIA PAST PUSHED NARRATIVE FED RAISE RATES ECONOMY OVERHEATING\u201d", "count1": 0, "count2": 0, "count3": 0, "count4": 1}, {"Name": "TruthGundlach", "Time": 20190805, "Text": "&gt;300 Chicago gun deaths past 12 months &amp; about the same number of mass shooting deaths nationally. Both so awful. Yet no outrage re:Chicago.", "clean_text": "GT300 CHICAGO GUN DEATHS PAST AMP NUMBER MASS SHOOTING DEATHS NATIONALLY AWFUL OUTRAGE RECHICAGO", "count1": 0, "count2": 1, "count3": 0, "count4": 1}]