["MDXG", {"Name": "PresciencePoint", "Time": 20190610, "Text": "MiMedx Issues Additional Information to Shareholders https://t.co/eAQ8ZogQJx $MDXG", "clean_text": "MIMEDX ISSUES ADDITIONAL INFORMATION SHAREHOLDERS MDXG", "count1": 0, "count2": 0, "count3": 1, "count4": 0}, {"Name": "PresciencePoint", "Time": 20190605, "Text": "RT @MiMedx: MDXG encourages all shareholders to vote the BLUE card today! Voting instructions are available at https://t.co/9iVS5fN4bX. $MD\u2026", "clean_text": "@MIMEDX MDXG ENCOURAGES SHAREHOLDERS VOTE BLUE CARD VOTING INSTRUCTIONS AVAILABLE MD", "count1": 0, "count2": 0, "count3": 1, "count4": 0}, {"Name": "PresciencePoint", "Time": 20190530, "Text": "We look forward to working with the newly refreshed board to realize substantial value for all $MDXG shareholders. https://t.co/GvLMRcA0rb", "clean_text": "FORWARD NEWLY REFRESHED BOARD REALIZE SUBSTANTIAL VALUE MDXG SHAREHOLDERS", "count1": 0, "count2": 0, "count3": 1, "count4": 0}, {"Name": "PresciencePoint", "Time": 20190530, "Text": "We are very excited to have reached an agreement for a broad reconstitution of the board of $MDXG. Under the plan,\u2026 https://t.co/lEuFGPDPRP", "clean_text": "EXCITED REACHED AGREEMENT BROAD RECONSTITUTION BOARD MDXG UNDER", "count1": 0, "count2": 0, "count3": 1, "count4": 0}]