["INSIGHT", {"Name": "ActivistShorts", "Time": 20190107, "Text": "RT @ActivistShorts: Hear from @sprucepointcap's Ben Axler in the latest episode of The Activist Insight Podcast.\n\nFeaturing his thoughts on\u2026", "clean_text": "@ACTIVISTSHORTS @SPRUCEPOINTCAP BEN AXLER EPISODE ACTIVIST INSIGHT PODCAST FEATURING THOUGHTS", "count1": 1, "count2": 0, "count3": 1, "count4": 0}, {"Name": "ActivistShorts", "Time": 20190104, "Text": "Hear from @sprucepointcap's Ben Axler in the latest episode of The Activist Insight Podcast.\n\nFeaturing his thought\u2026 https://t.co/RAAjnrnHgK", "clean_text": "@SPRUCEPOINTCAP BEN AXLER EPISODE ACTIVIST INSIGHT PODCAST FEATURING", "count1": 1, "count2": 0, "count3": 1, "count4": 0}]