["@MOTHERCABRININY", {"Name": "AureliusValue", "Time": 20190424, "Text": "@bartjw @CVCResearch @TheIpHawk @AlderLaneeggs @MotherCabriniNY @hal_jam @Chubb The FTC already defined these as \"n\u2026 https://t.co/0o4sDQK41u", "clean_text": "@BARTJW @CVCRESEARCH @THEIPHAWK @ALDERLANEEGGS @MOTHERCABRININY @HAL_JAM @CHUBB FTC ALREADY DEFINED", "count1": 1, "count2": 0, "count3": 0, "count4": 0}, {"Name": "AureliusValue", "Time": 20190424, "Text": "@CVCResearch @bartjw @TheIpHawk @AlderLaneeggs @MotherCabriniNY @hal_jam @Chubb It is indisputable that the \"nearly\u2026 https://t.co/W6QkcE0pOh", "clean_text": "@CVCRESEARCH @BARTJW @THEIPHAWK @ALDERLANEEGGS @MOTHERCABRININY @HAL_JAM @CHUBB INDISPUTABLE", "count1": 1, "count2": 0, "count3": 0, "count4": 0}]