["GOLDEN", {"Name": "pmarca", "Time": 20190430, "Text": "RT @judegomila: 1/ My team and I at Golden have been working diligently for the last two years to map out 10bn+ fascinating topics in high\u2026", "clean_text": "@JUDEGOMILA TEAM GOLDEN DILIGENTLY MAP 10BN+ FASCINATING TOPICS HIGH", "count1": 0, "count2": 0, "count3": 1, "count4": 1}, {"Name": "pmarca", "Time": 20190430, "Text": "RT @judegomila: 7/ Here are some examples of interesting pages built on Golden https://t.co/FjkmU16hKO https://t.co/I8nC0zkDj9 https://t.co\u2026", "clean_text": "@JUDEGOMILA EXAMPLES INTERESTING PAGES BUILT GOLDEN", "count1": 0, "count2": 0, "count3": 0, "count4": 1}, {"Name": "pmarca", "Time": 20190430, "Text": "RT @judegomila: 8/ In order to make money while doing this we have released an advanced query tool to query the Golden data set, provide fi\u2026", "clean_text": "@JUDEGOMILA ORDER MONEY RELEASED ADVANCED QUERY TOOL QUERY GOLDEN DATA SET PROVIDE FI", "count1": 0, "count2": 0, "count3": 0, "count4": 1}]