["CONFERENCE", {"Name": "GrantsPub", "Time": 20191006, "Text": "From GRANT\u2019S:\nOn the 40th anniversary of the historic Fed press conference of Oct. 6, 1979, thank you, Chairman Volker!", "clean_text": "GRANTS 40TH ANNIVERSARY HISTORIC FED PRESS CONFERENCE OCT CHAIRMAN VOLKER", "count1": 1, "count2": 0, "count3": 0, "count4": 0}, {"Name": "marketfolly", "Time": 20190926, "Text": "Just a reminder our reader discount to Value Invest New York Conference expires in 4 days. Greenblatt, Russo, Maubo\u2026 https://t.co/2Pwjka2YVO", "clean_text": "REMINDER READER DISCOUNT VALUE INVEST CONFERENCE EXPIRES GREENBLATT RUSSO MAUBO", "count1": 1, "count2": 0, "count3": 0, "count4": 0}]