["TWEET", {"Name": "AureliusValue", "Time": 20190611, "Text": "Lots of deleting going on at $TEUM, including this pump tweet made by \"independent\" Director on the Audit Committee\u2026 https://t.co/sChJ8eRzDI", "clean_text": "DELETING TEUM INCLUDING PUMP TWEET INDEPENDENT DIRECTOR AUDIT COMMITTEE", "count1": 1, "count2": 1, "count3": 0, "count4": 0}, {"Name": "CitronResearch", "Time": 20190610, "Text": "$RVLV Citron gives more detail on the future of FashTech.  Read follow up on  our initial tweet and see why $RVLV w\u2026 https://t.co/8sQg6nHJ0w", "clean_text": "RVLV CITRON GIVES DETAIL FUTURE FASHTECH FOLLOW INITIAL TWEET RVLV", "count1": 1, "count2": 0, "count3": 0, "count4": 0}]