["RESEARCH", {"Name": "CitronResearch", "Time": 20190125, "Text": "$TWTR will be A-OK because of AOC.  What a difference a month makes.  Citron updates its research.", "clean_text": "TWTR AOK AOC CITRON UPDATES RESEARCH", "count1": 0, "count2": 1, "count3": 0, "count4": 0}, {"Name": "CitronResearch", "Time": 20190116, "Text": "$LGND tgt $35.  Our most comprehensive piece of pharma research since Valeant.  Citron exposes the deception behind\u2026 https://t.co/023eAVQ6bU", "clean_text": "LGND TGT COMPREHENSIVE PIECE PHARMA RESEARCH VALEANT CITRON EXPOSES DECEPTION", "count1": 0, "count2": 1, "count3": 0, "count4": 0}]