["DIS", {"Name": "TMTanalyst", "Time": 20190413, "Text": "@QuisitiveInvest @GavinSBaker Dis + is probably going after kids starting at your older ones age. Kids watch the sa\u2026 https://t.co/i7kEQfoezc", "clean_text": "@QUISITIVEINVEST @GAVINSBAKER DIS KIDS STARTING OLDER KIDS WATCH SA", "count1": 0, "count2": 1, "count3": 0, "count4": 1}, {"Name": "TMTanalyst", "Time": 20190413, "Text": "@QuisitiveInvest @GavinSBaker Sure you could buy the movie for $20 +/- but that\u2019s 3 months of dis +. And how do you\u2026 https://t.co/DwDyudGIzX", "clean_text": "@QUISITIVEINVEST @GAVINSBAKER BUY MOVIE DIS", "count1": 0, "count2": 1, "count3": 0, "count4": 1}]