["CREDIT", {"Name": "ActAccordingly", "Time": 20191205, "Text": "@BenRabidoux And yet, here I was far more interested in their commentary on credit conditions in Alberta.  Imagine,\u2026 https://t.co/Kch2nRVDkY", "clean_text": "@BENRABIDOUX INTERESTED COMMENTARY CREDIT CONDITIONS ALBERTA IMAGINE", "count1": 0, "count2": 1, "count3": 0, "count4": 0}, {"Name": "ActAccordingly", "Time": 20191205, "Text": "@BenRabidoux I guess when Moody's downgrades the credit rating of the province some risk depts feel the need to be\u2026 https://t.co/CSe998mts4", "clean_text": "@BENRABIDOUX GUESS MOODY DOWNGRADES CREDIT RATING PROVINCE RISK DEPTS FEEL", "count1": 0, "count2": 1, "count3": 0, "count4": 0}, {"Name": "TruthGundlach", "Time": 20191202, "Text": "Josh Allen is getting better due to the K-Gun offense being brought back. Gives Allen the time to read the defense. Dabolll deserves credit.", "clean_text": "JOSH ALLEN KGUN OFFENSE BROUGHT GIVES ALLEN DEFENSE DABOLLL DESERVES CREDIT", "count1": 0, "count2": 1, "count3": 0, "count4": 1}]