["@ALDERLANEEGGS", {"Name": "AureliusValue", "Time": 20190428, "Text": "@hibearnating @CapitolistPig @AlderLaneeggs You're getting into the dirty secrets of $HIIQ.  The company owns and o\u2026 https://t.co/wll3JSfoMH", "clean_text": "@HIBEARNATING @CAPITOLISTPIG @ALDERLANEEGGS DIRTY SECRETS HIIQ COMPANY OWNS", "count1": 0, "count2": 1, "count3": 0, "count4": 0}, {"Name": "AureliusValue", "Time": 20190426, "Text": "cc: @AlderLaneeggs @CapitolistPig @FriendlyBearSA @hal_jam", "clean_text": "CC @ALDERLANEEGGS @CAPITOLISTPIG @FRIENDLYBEARSA @HAL_JAM", "count1": 0, "count2": 1, "count3": 0, "count4": 0}, {"Name": "AureliusValue", "Time": 20190424, "Text": "@bartjw @CVCResearch @TheIpHawk @AlderLaneeggs @MotherCabriniNY @hal_jam @Chubb The FTC already defined these as \"n\u2026 https://t.co/0o4sDQK41u", "clean_text": "@BARTJW @CVCRESEARCH @THEIPHAWK @ALDERLANEEGGS @MOTHERCABRININY @HAL_JAM @CHUBB FTC ALREADY DEFINED", "count1": 1, "count2": 1, "count3": 0, "count4": 0}, {"Name": "AureliusValue", "Time": 20190424, "Text": "@CVCResearch @bartjw @TheIpHawk @AlderLaneeggs @MotherCabriniNY @hal_jam @Chubb It is indisputable that the \"nearly\u2026 https://t.co/W6QkcE0pOh", "clean_text": "@CVCRESEARCH @BARTJW @THEIPHAWK @ALDERLANEEGGS @MOTHERCABRININY @HAL_JAM @CHUBB INDISPUTABLE", "count1": 1, "count2": 1, "count3": 0, "count4": 0}, {"Name": "AureliusValue", "Time": 20190419, "Text": "@CVCResearch @TheIpHawk @AlderLaneeggs @MotherCabriniNY @hal_jam @Chubb Too many tweets to address but this 25% is\u2026 https://t.co/ypp15itzdU", "clean_text": "@CVCRESEARCH @THEIPHAWK @ALDERLANEEGGS @MOTHERCABRININY @HAL_JAM @CHUBB ADDRESS 25%", "count1": 1, "count2": 1, "count3": 0, "count4": 0}, {"Name": "AureliusValue", "Time": 20190419, "Text": "@CVCResearch @TheIpHawk @AlderLaneeggs @MotherCabriniNY @hal_jam @Chubb Best of luck and suggest you do more diligence", "clean_text": "@CVCRESEARCH @THEIPHAWK @ALDERLANEEGGS @MOTHERCABRININY @HAL_JAM @CHUBB BEST LUCK SUGGEST DILIGENCE", "count1": 1, "count2": 1, "count3": 0, "count4": 0}, {"Name": "AureliusValue", "Time": 20190419, "Text": "@MidwestHedgie @CVCResearch @TheIpHawk @AlderLaneeggs @MotherCabriniNY @hal_jam @Chubb $HIIQ is the \"mastermind\" of\u2026 https://t.co/RMGVAvdQvA", "clean_text": "@MIDWESTHEDGIE @CVCRESEARCH @THEIPHAWK @ALDERLANEEGGS @MOTHERCABRININY @HAL_JAM @CHUBB HIIQ MASTERMIND", "count1": 1, "count2": 1, "count3": 0, "count4": 0}, {"Name": "AureliusValue", "Time": 20190419, "Text": "@CVCResearch @MidwestHedgie @TheIpHawk @AlderLaneeggs @MotherCabriniNY @hal_jam @Chubb Montana Insurance Commission\u2026 https://t.co/U2u2W4D4Ll", "clean_text": "@CVCRESEARCH @MIDWESTHEDGIE @THEIPHAWK @ALDERLANEEGGS @MOTHERCABRININY @HAL_JAM @CHUBB MONTANA INSURANCE COMMISSION", "count1": 1, "count2": 1, "count3": 0, "count4": 0}, {"Name": "AureliusValue", "Time": 20190418, "Text": "cc: @AlderLaneeggs @CapitolistPig @sahashiwa @ronhurtibise @FrankPallone", "clean_text": "CC @ALDERLANEEGGS @CAPITOLISTPIG @SAHASHIWA @RONHURTIBISE @FRANKPALLONE", "count1": 0, "count2": 1, "count3": 0, "count4": 0}]