["TAM", {"Name": "AureliusValue", "Time": 20190610, "Text": "$VNDA amended Qui Tam complaint now unsealed.  Three new whistleblowers allege illegal activity at the company incl\u2026 https://t.co/gP6qzzS7kw", "clean_text": "VNDA AMENDED QUI TAM COMPLAINT UNSEALED THREE WHISTLEBLOWERS ALLEGE ILLEGAL ACTIVITY COMPANY INCL", "count1": 0, "count2": 0, "count3": 1, "count4": 0}, {"Name": "AureliusValue", "Time": 20190610, "Text": "$VNDA The Qui Tam describes the lengths Vanda goes to in order to sell a $188k/year orphan drug to the blind to peo\u2026 https://t.co/s1EQpL2obJ", "clean_text": "VNDA QUI TAM DESCRIBES LENGTHS VANDA ORDER SELL 188KYEAR ORPHAN DRUG BLIND PEO", "count1": 0, "count2": 0, "count3": 1, "count4": 0}]