["AVAILABLE", {"Name": "PresciencePoint", "Time": 20190607, "Text": "RT @MiMedx: Every vote counts! Help MiMedx move forward by voting the BLUE card today! Voting instructions are available at https://t.co/9i\u2026", "clean_text": "@MIMEDX VOTE COUNTS MIMEDX FORWARD VOTING BLUE CARD VOTING INSTRUCTIONS AVAILABLE", "count1": 0, "count2": 0, "count3": 0, "count4": 1}, {"Name": "PresciencePoint", "Time": 20190605, "Text": "RT @MiMedx: MDXG encourages all shareholders to vote the BLUE card today! Voting instructions are available at https://t.co/9iVS5fN4bX. $MD\u2026", "clean_text": "@MIMEDX MDXG ENCOURAGES SHAREHOLDERS VOTE BLUE CARD VOTING INSTRUCTIONS AVAILABLE MD", "count1": 0, "count2": 0, "count3": 0, "count4": 1}]