["VSLR", {"Name": "AureliusValue", "Time": 20191024, "Text": "$VSLR formal press release from NJ AG:\n\nhttps://t.co/YqGW7oKyqm https://t.co/V198c0GWY9", "clean_text": "VSLR FORMAL PRESS RELEASE NJ AG", "count1": 0, "count2": 0, "count3": 1, "count4": 0}, {"Name": "AureliusValue", "Time": 20191024, "Text": "RT @FriendlyBearSA: @AureliusValue How much will this cost? $VSLR https://t.co/ZflzIXxNoj", "clean_text": "@FRIENDLYBEARSA @AURELIUSVALUE COST VSLR", "count1": 0, "count2": 0, "count3": 1, "count4": 0}, {"Name": "AureliusValue", "Time": 20191023, "Text": "NJ Attorney General now alleges that $VSLR engaged in a host of predatory tactics including falsely claiming to be\u2026 https://t.co/kAglPk6gjS", "clean_text": "NJ ATTORNEY GENERAL ALLEGES VSLR ENGAGED HOST PREDATORY TACTICS INCLUDING FALSELY CLAIMING", "count1": 0, "count2": 0, "count3": 1, "count4": 0}]