["MEET", {"Name": "PresciencePoint", "Time": 20190604, "Text": "MiMedx Shareholders Should Visit https://t.co/KQuJJCGF0p for information on how to vote in the upcoming annual meet\u2026 https://t.co/3WpbLU1k1D", "clean_text": "MIMEDX SHAREHOLDERS VISIT INFORMATION VOTE UPCOMING ANNUAL MEET", "count1": 1, "count2": 0, "count3": 0, "count4": 0}, {"Name": "AureliusValue", "Time": 20190524, "Text": "RT @gmorgenson: NEW: MiMedx Injectables Don\u2019t Meet Regulatory Standards Despite Claim to FDA https://t.co/jrD3a3FcvR", "clean_text": "@GMORGENSON MIMEDX INJECTABLES MEET REGULATORY STANDARDS DESPITE CLAIM FDA", "count1": 1, "count2": 0, "count3": 0, "count4": 0}]