["RESULTS", {"Name": "JohnHuber72", "Time": 20190701, "Text": "The latest CCAR results once again demonstrate how well-capitalized the US banking system is, and as a result, the\u2026 https://t.co/zkNZtUMmKb", "clean_text": "CCAR RESULTS DEMONSTRATE WELLCAPITALIZED BANKING SYSTEM RESULT", "count1": 0, "count2": 0, "count3": 0, "count4": 1}, {"Name": "pmarca", "Time": 20190626, "Text": "RT @Golden: 3/ The genesis for the Golden Research Engine came from not being able to take results from structured data queries and see can\u2026", "clean_text": "@GOLDEN GENESIS GOLDEN RESEARCH ENGINE RESULTS STRUCTURED DATA QUERIES", "count1": 0, "count2": 0, "count3": 0, "count4": 1}]