["STOCKS", {"Name": "JohnHuber72", "Time": 20190826, "Text": "@oddballstocks So I think it's futile to expect (hope) that b/c your stocks are undervalued, they'll do better in a\u2026 https://t.co/lEYAsBAGIy", "clean_text": "@ODDBALLSTOCKS FUTILE EXPECT HOPE BC STOCKS UNDERVALUED THEYLL", "count1": 0, "count2": 1, "count3": 0, "count4": 0}, {"Name": "JohnHuber72", "Time": 20190822, "Text": "Always interesting to watch how drastic the sentiment shifts can be: Housing stocks were getting killed at this tim\u2026 https://t.co/Tq5ufejRtj", "clean_text": "INTERESTING WATCH DRASTIC SENTIMENT SHIFTS HOUSING STOCKS KILLED TIM", "count1": 0, "count2": 1, "count3": 0, "count4": 0}]