["MEDIA", {"Name": "marketfolly", "Time": 20190819, "Text": "@TaoValue @east_cap @son2dweeb Media errors on 13Fs happen often. Many firms had previous private stakes they didn\u2019\u2026 https://t.co/zeU1U4s6Ht", "clean_text": "@TAOVALUE @EAST_CAP @SON2DWEEB MEDIA ERRORS 13FS HAPPEN FIRMS PREVIOUS PRIVATE STAKES DIDN", "count1": 0, "count2": 1, "count3": 0, "count4": 0}, {"Name": "TruthGundlach", "Time": 20190808, "Text": "And yet, commentary in mainstream media this past week pushed a narrative that the Fed should raise rates due to economy \u201coverheating\u201d. Wow.", "clean_text": "COMMENTARY MAINSTREAM MEDIA PAST PUSHED NARRATIVE FED RAISE RATES ECONOMY OVERHEATING\u201d", "count1": 0, "count2": 1, "count3": 0, "count4": 0}]