["THINKING", {"Name": "ValueDude", "Time": 20190905, "Text": "Soon, the NFL season kicks off. I know what y'all are thinking\u2026 take Green Bay +145 and under 46.5! That\u2019s right, D\u2026 https://t.co/pBQ3pLx5oa", "clean_text": "NFL SEASON KICKS YALL THINKING GREEN BAY UNDER", "count1": 0, "count2": 1, "count3": 0, "count4": 0}, {"Name": "JohnHuber72", "Time": 20190905, "Text": "New Post: The Risk of Outsourced Thinking: https://t.co/ZaTfaW0v5t", "clean_text": "POST RISK OUTSOURCED THINKING", "count1": 0, "count2": 1, "count3": 0, "count4": 0}, {"Name": "TruthGundlach", "Time": 20190831, "Text": "Hillary spoke at Arena Academy NY.  Looked a bit like, just maybe, she is thinking about jumping into any upcoming opening in the Dem field.", "clean_text": "HILLARY SPOKE ARENA ACADEMY NY LOOKED BIT THINKING JUMPING UPCOMING OPENING DEM FIELD", "count1": 0, "count2": 1, "count3": 0, "count4": 0}]