["SHARES", {"Name": "xuexishenghuo", "Time": 20190226, "Text": "Looks like $MAT insiders had to buy shares to satisfy ownership requirements ahead of the annual meeting.", "clean_text": "MAT INSIDERS BUY SHARES SATISFY OWNERSHIP REQUIREMENTS ANNUAL MEETING", "count1": 0, "count2": 1, "count3": 0, "count4": 0}, {"Name": "PresciencePoint", "Time": 20190222, "Text": "Kraft Heinz $KHC Cuts Dividend 36%, Discloses SEC Subpoena, Shares Down 27% - We've been warning the same thing on\u2026 https://t.co/IiEGSJ2bQl", "clean_text": "KRAFT HEINZ KHC CUTS DIVIDEND 36% DISCLOSES SEC SUBPOENA SHARES DOWN 27% WARNING", "count1": 0, "count2": 1, "count3": 0, "count4": 0}]