["DXY", {"Name": "TruthGundlach", "Time": 20190621, "Text": "DXY now up all of 5 bp YTD.  The \u201cdollar  is strong\u201d rhetoric dominating financial media ignores the facts. DXY likely to end the year down.", "clean_text": "DXY BP YTD DOLLAR STRONG\u201d RHETORIC DOMINATING FINANCIAL MEDIA IGNORES FACTS DXY DOWN", "count1": 0, "count2": 0, "count3": 2, "count4": 0}, {"Name": "TruthGundlach", "Time": 20190620, "Text": "Moment of truth for DXY. Closed today right on top of 9 month uptrend and just above 200-day MA.  And gold broke out above it\u2019s huge base.", "clean_text": "MOMENT TRUTH DXY CLOSED UPTREND 200DAY MA GOLD BROKE HUGE BASE", "count1": 0, "count2": 0, "count3": 1, "count4": 0}]