["PAID", {"Name": "pmarca", "Time": 20190626, "Text": "RT @Golden: 1/ Today we\u2019re pleased to announce the launch of our first paid product - the Golden Research Engine. Query exotic entity types\u2026", "clean_text": "@GOLDEN PLEASED ANNOUNCE LAUNCH PAID PRODUCT GOLDEN RESEARCH ENGINE QUERY EXOTIC ENTITY TYPES", "count1": 0, "count2": 0, "count3": 1, "count4": 0}, {"Name": "pmarca", "Time": 20190626, "Text": "RT @Golden: 7/ A unique component of the service is to also apply human/AI assistance in finding information for paid customers. If you can\u2026", "clean_text": "@GOLDEN UNIQUE COMPONENT SERVICE APPLY HUMANAI ASSISTANCE FINDING INFORMATION PAID CUSTOMERS", "count1": 1, "count2": 0, "count3": 1, "count4": 0}]