["REPORTS", {"Name": "AureliusValue", "Time": 20191227, "Text": "RT @markflowchatter: 2 firms out saying that Chubb is NO longer writing policies with $HIIQ .   \n\nAccdg to reports Chubb was 40% revenues\u2026", "clean_text": "@MARKFLOWCHATTER FIRMS SAYING CHUBB LONGER WRITING POLICIES HIIQ ACCDG REPORTS CHUBB 40% REVENUES", "count1": 0, "count2": 1, "count3": 0, "count4": 0}, {"Name": "mjmauboussin", "Time": 20191224, "Text": "@trengriffin I asked Todd about this recently (some reports were 500 pages a day and others were 500 pages a week).\u2026 https://t.co/Ofhb78fYo3", "clean_text": "@TRENGRIFFIN TODD RECENTLY REPORTS PAGES PAGES", "count1": 0, "count2": 1, "count3": 0, "count4": 0}]