["TEAM", {"Name": "xuexishenghuo", "Time": 20190726, "Text": "@PlanMaestro @TomBarrackJr Didn\u2019t North Star acquhire the colony team?", "clean_text": "@PLANMAESTRO @TOMBARRACKJR STAR ACQUHIRE COLONY TEAM", "count1": 1, "count2": 0, "count3": 0, "count4": 0}, {"Name": "xuexishenghuo", "Time": 20190725, "Text": "@BarbarianCap @liangweihan4 Check out the Canadian team as well", "clean_text": "@BARBARIANCAP @LIANGWEIHAN4 CHECK CANADIAN TEAM WELL", "count1": 1, "count2": 0, "count3": 0, "count4": 0}]