["STAKE", {"Name": "activiststocks", "Time": 20191108, "Text": "Activist with stake in MSG stock sees Knicks and Rangers worth more than $7 billion https://t.co/SxfUHJtzSk", "clean_text": "ACTIVIST STAKE MSG STOCK SEES KNICKS RANGERS WORTH BILLION", "count1": 0, "count2": 0, "count3": 1, "count4": 0}, {"Name": "marketfolly", "Time": 20191031, "Text": "Larry Robbins\u2019 Glenview Capital trims its Brookdale Senior Living stake https://t.co/HjJG6U43HF $BKD", "clean_text": "LARRY ROBBINS GLENVIEW CAPITAL TRIMS BROOKDALE SENIOR LIVING STAKE BKD", "count1": 0, "count2": 0, "count3": 1, "count4": 0}]