["@TMTANALYST", {"Name": "MicroFundy", "Time": 20190131, "Text": "@firstadopter @mariocibelli @BarbarianCap @Corinna_F @LongShortTrader @TMTanalyst @Hedge_FundGirl @gavparks hey, I was there too!", "clean_text": "@FIRSTADOPTER @MARIOCIBELLI @BARBARIANCAP @CORINNA_F @LONGSHORTTRADER @TMTANALYST @HEDGE_FUNDGIRL @GAVPARKS", "count1": 0, "count2": 0, "count3": 1, "count4": 0}, {"Name": "MicroFundy", "Time": 20190127, "Text": "@given2tweet @olddogwthnwtrix Maybe @TMTanalyst ?", "clean_text": "@GIVEN2TWEET @OLDDOGWTHNWTRIX @TMTANALYST", "count1": 0, "count2": 0, "count3": 1, "count4": 0}, {"Name": "MicroFundy", "Time": 20190127, "Text": "@MicroFundy @given2tweet @olddogwthnwtrix @TMTanalyst aha. I recall him recommending wines back when he tweeted frequently.", "clean_text": "@MICROFUNDY @GIVEN2TWEET @OLDDOGWTHNWTRIX @TMTANALYST AHA RECALL RECOMMENDING WINES TWEETED FREQUENTLY", "count1": 0, "count2": 0, "count3": 1, "count4": 0}]