["BASED", {"Name": "PresciencePoint", "Time": 20190618, "Text": "Today, $K announced yet another restructuring program (the 2nd this year).  Based on the $50m Europe reorg + the $3\u2026 https://t.co/sMV4bqaKpV", "clean_text": "ANNOUNCED RESTRUCTURING PROGRAM 2ND BASED 50M REORG", "count1": 0, "count2": 1, "count3": 0, "count4": 0}, {"Name": "PresciencePoint", "Time": 20190614, "Text": "On May 23rd, $MDXG revealed the results of its 15-month Audit Committee investigation. Based on the investigation f\u2026 https://t.co/El1lcDVjfl", "clean_text": "23RD MDXG REVEALED RESULTS 15MONTH AUDIT COMMITTEE INVESTIGATION BASED INVESTIGATION", "count1": 0, "count2": 1, "count3": 0, "count4": 0}]