["GIVEN", {"Name": "xuexishenghuo", "Time": 20190817, "Text": "Right. Freedom of speech should only be given to the ones I agree with. https://t.co/k8Jdf3HGrY", "clean_text": "FREEDOM GIVEN AGREE", "count1": 0, "count2": 1, "count3": 0, "count4": 0}, {"Name": "TruthGundlach", "Time": 20190815, "Text": "Way back, when the world was young, 30Y USTs were given the moniker \u201ccertificates of confiscation\u201d. That was darned near the 30Y yield peak.", "clean_text": "YOUNG 30Y USTS GIVEN MONIKER CERTIFICATES CONFISCATION\u201d DARNED 30Y PEAK", "count1": 0, "count2": 1, "count3": 0, "count4": 0}]