["BIDEN", {"Name": "TruthGundlach", "Time": 20190826, "Text": "I will not post anything more about Joe Biden.  I thank him for his decades of public service.", "clean_text": "POST JOE BIDEN DECADES PUBLIC SERVICE", "count1": 0, "count2": 0, "count3": 0, "count4": 1}, {"Name": "TruthGundlach", "Time": 20190825, "Text": "Joe Biden: \u201cWhat would have happened if Barrack Obama had been assassinated?\u201d Hey Joe. Where are you going with this?  I say Nowhere, fast..", "clean_text": "JOE BIDEN HAPPENED BARRACK OBAMA ASSASSINATED\u201d JOE NOWHERE FAST", "count1": 0, "count2": 0, "count3": 0, "count4": 1}, {"Name": "BergenCapital", "Time": 20190825, "Text": "RT @TruthGundlach: Joe Biden: \u201cWhat would have happened if Barrack Obama had been assassinated?\u201d Hey Joe. Where are you going with this?  I\u2026", "clean_text": "@TRUTHGUNDLACH JOE BIDEN HAPPENED BARRACK OBAMA ASSASSINATED\u201d JOE", "count1": 0, "count2": 0, "count3": 0, "count4": 1}]