["WEWORK", {"Name": "TMTanalyst", "Time": 20181228, "Text": "@modestproposal1 Also wework. They are probably f\u2019d if the start ups collapse. They could hurt commercial real esta\u2026 https://t.co/nuLA6gl4ys", "clean_text": "@MODESTPROPOSAL1 WEWORK FD START UPS COLLAPSE HURT COMMERCIAL ESTA", "count1": 1, "count2": 0, "count3": 1, "count4": 0}, {"Name": "TMTanalyst", "Time": 20181228, "Text": "@J264B @modestproposal1 So you are saying commercial RE would@be in trouble with out wework. So what happens if wework needs less space?", "clean_text": "@J264B @MODESTPROPOSAL1 SAYING COMMERCIAL RE WOULD@BE TROUBLE WEWORK HAPPENS WEWORK SPACE", "count1": 1, "count2": 0, "count3": 2, "count4": 0}, {"Name": "TMTanalyst", "Time": 20181228, "Text": "@J264B @modestproposal1 Or wework decides to downsize, sublease large amounts of space putting significant downward\u2026 https://t.co/k0c2HFa3Xw", "clean_text": "@J264B @MODESTPROPOSAL1 WEWORK DECIDES DOWNSIZE SUBLEASE LARGE AMOUNTS SPACE PUTTING SIGNIFICANT DOWNWARD", "count1": 0, "count2": 0, "count3": 1, "count4": 0}]