["NUS", {"Name": "xuexishenghuo", "Time": 20190318, "Text": "$NUS News report saying Chinese associated died from substituting NuSkin juice for medicine. woops! $USNA https://t.co/TAITokbYHb", "clean_text": "NUS REPORT SAYING CHINESE ASSOCIATED DIED SUBSTITUTING NUSKIN JUICE MEDICINE WOOPS USNA", "count1": 0, "count2": 0, "count3": 1, "count4": 0}, {"Name": "xuexishenghuo", "Time": 20190307, "Text": "This is in stark contrast to competitors and the industry norm. $NUS generated $886m sales in China with over 390k\u2026 https://t.co/oeU6KIcocz", "clean_text": "STARK CONTRAST COMPETITORS INDUSTRY NORM NUS GENERATED 886M SALES 390K", "count1": 0, "count2": 0, "count3": 1, "count4": 0}, {"Name": "xuexishenghuo", "Time": 20190306, "Text": "Back when $NUS had to suspend recruiting for 3months in Q1 2014, sales in China dropped ~50% in the next 4 qtrs    $USNA", "clean_text": "NUS SUSPEND RECRUITING 3MONTHS Q1 SALES DROPPED ~50% QTRS USNA", "count1": 0, "count2": 0, "count3": 1, "count4": 0}]