["CLINICAL", {"Name": "KerrisdaleCap", "Time": 20190716, "Text": "AlloSure sales is overwhelmingly comprised of usage in clinical studies designed to test the product's effectivenes\u2026 https://t.co/9D03EMfLiV", "clean_text": "ALLOSURE SALES OVERWHELMINGLY COMPRISED USAGE CLINICAL DESIGNED TEST PRODUCT EFFECTIVENES", "count1": 1, "count2": 0, "count3": 0, "count4": 1}, {"Name": "KerrisdaleCap", "Time": 20190716, "Text": "Finally, the studies showing AlloSure\u2019s extremely limited clinical utility will affect the parameters of permanent\u2026 https://t.co/1wuUBDYDLR", "clean_text": "SHOWING ALLOSURES EXTREMELY LIMITED CLINICAL UTILITY AFFECT PARAMETERS PERMANENT", "count1": 0, "count2": 0, "count3": 0, "count4": 1}]