["QCOMS", {"Name": "KerrisdaleCap", "Time": 20190123, "Text": "$QCOM\u2019s practice of requiring a license for its entire patent portfolio, charging fees even if clients don\u2019t buy it\u2026 https://t.co/rNF6ahzkLl", "clean_text": "QCOMS PRACTICE REQUIRING LICENSE ENTIRE PATENT PORTFOLIO CHARGING FEES CLIENTS BUY", "count1": 0, "count2": 0, "count3": 0, "count4": 1}, {"Name": "KerrisdaleCap", "Time": 20190123, "Text": "When rivals become able to license $QCOM\u2019s Standards-Essential Patents and Qualcomm\u2019s future revenue comes mainly f\u2026 https://t.co/VXJnd1sDYw", "clean_text": "RIVALS BECOME LICENSE QCOMS STANDARDSESSENTIAL PATENTS QUALCOMMS FUTURE REVENUE MAINLY", "count1": 0, "count2": 0, "count3": 0, "count4": 1}, {"Name": "KerrisdaleCap", "Time": 20190123, "Text": "Beyond its pending FTC loss, $QCOM\u2019s current biz case is dreary. Handset mkt is saturated, may begin declining; Sam\u2026 https://t.co/Ds7KaAlBLn", "clean_text": "PENDING FTC LOSS QCOMS CURRENT BIZ CASE DREARY HANDSET MKT SATURATED BEGIN DECLINING SAM", "count1": 0, "count2": 0, "count3": 0, "count4": 1}]