["FANS", {"Name": "JohnHuber72", "Time": 20190613, "Text": "@Valuetrap13 \"Someday\"... the one word that helps us Buffalo fans get out of bed each morning and try to get throug\u2026 https://t.co/ZRHWC2NFsK", "clean_text": "@VALUETRAP13 SOMEDAY WORD BUFFALO FANS BED THROUG", "count1": 1, "count2": 0, "count3": 0, "count4": 0}, {"Name": "JohnHuber72", "Time": 20190608, "Text": "@DicksonPau Fans always put way too much weight on what just happened in the last game or two. GS was down 3-1 to K\u2026 https://t.co/rjhA3D2CN8", "clean_text": "@DICKSONPAU FANS WEIGHT HAPPENED GS DOWN", "count1": 1, "count2": 0, "count3": 0, "count4": 0}]