["STOCK", {"Name": "marketfolly", "Time": 20191015, "Text": "RT @EdBorgato: I used to tell my analysts that what it takes to find and analyze a great stock is completely different than what it takes t\u2026", "clean_text": "@EDBORGATO ANALYSTS ANALYZE GREAT STOCK COMPLETELY", "count1": 0, "count2": 0, "count3": 0, "count4": 1}, {"Name": "CitronResearch", "Time": 20191015, "Text": "$BHC to $40.  Four Years Ago This Week Citron told the  \"Valeant Story\"  Four years later the stock is poised to do\u2026 https://t.co/JWKfJEF8OV", "clean_text": "BHC FOUR AGO CITRON VALEANT FOUR LATER STOCK POISED", "count1": 0, "count2": 0, "count3": 1, "count4": 1}]