["RECRUITING", {"Name": "xuexishenghuo", "Time": 20190306, "Text": "Pyramid schemes are all about recruiting - the \u201c100day crackdown\u201d will have a lasting effect well after Q1", "clean_text": "PYRAMID SCHEMES RECRUITING 100DAY CRACKDOWN\u201d LASTING EFFECT WELL Q1", "count1": 0, "count2": 0, "count3": 0, "count4": 1}, {"Name": "xuexishenghuo", "Time": 20190306, "Text": "Back when $NUS had to suspend recruiting for 3months in Q1 2014, sales in China dropped ~50% in the next 4 qtrs    $USNA", "clean_text": "NUS SUSPEND RECRUITING 3MONTHS Q1 SALES DROPPED ~50% QTRS USNA", "count1": 0, "count2": 0, "count3": 0, "count4": 1}]