["TECH", {"Name": "CitronResearch", "Time": 20190513, "Text": "$JMIA is a ZERO Former E&amp;Y executive and another leading African Tech thinker calling $JMIA a \"Big Fraud\" His word,\u2026 https://t.co/1Fp2vVRdER", "clean_text": "JMIA ZERO FORMER EAMPY EXECUTIVE LEADING AFRICAN TECH THINKER CALLING JMIA FRAUD WORD", "count1": 0, "count2": 1, "count3": 0, "count4": 0}, {"Name": "CitronResearch", "Time": 20190510, "Text": "$JMIA nothing more to say.  FRAUD.  Target 0.  Take it from one of the most influential tech thinkers in Africa.  S\u2026 https://t.co/dbJTZFQjDC", "clean_text": "JMIA FRAUD TARGET INFLUENTIAL TECH THINKERS AFRICA", "count1": 0, "count2": 1, "count3": 0, "count4": 0}]