["REGARDING", {"Name": "JohnHuber72", "Time": 20190812, "Text": "Two headline pieces in last two papers regarding the prospect of negative rates. Seems this view is a big reason wh\u2026 https://t.co/aaumTKjXjC", "clean_text": "HEADLINE PIECES PAPERS REGARDING PROSPECT NEGATIVE RATES VIEW WH", "count1": 0, "count2": 1, "count3": 0, "count4": 0}, {"Name": "GothamResearch", "Time": 20190811, "Text": "Dear Burford Capital: Short Sellers are Important Players in Fulfilling Justice\n\nOur full statement regarding litig\u2026 https://t.co/t2UvgRrcH1", "clean_text": "DEAR BURFORD CAPITAL SHORT SELLERS IMPORTANT PLAYERS FULFILLING JUSTICE FULL STATEMENT REGARDING LITIG", "count1": 0, "count2": 1, "count3": 0, "count4": 0}, {"Name": "PresciencePoint", "Time": 20190808, "Text": "Another positive development from the new @MiMedx board \u201cMiMedx Announces Agreement Regarding 2019 and 2020 Shareho\u2026 https://t.co/SvBneLIVm1", "clean_text": "POSITIVE DEVELOPMENT @MIMEDX BOARD MIMEDX ANNOUNCES AGREEMENT REGARDING SHAREHO", "count1": 0, "count2": 1, "count3": 0, "count4": 0}]