["@DAVIDSCHAWEL", {"Name": "MicroFundy", "Time": 20190128, "Text": "cc @IvanTheK @DavidSchawel https://t.co/VGvad24iYI", "clean_text": "CC @IVANTHEK @DAVIDSCHAWEL", "count1": 0, "count2": 1, "count3": 0, "count4": 0}, {"Name": "MicroFundy", "Time": 20190123, "Text": "@DavidSchawel @hmeisler @IvanTheK and that's why they call you the queen of puns", "clean_text": "@DAVIDSCHAWEL @HMEISLER @IVANTHEK QUEEN PUNS", "count1": 0, "count2": 1, "count3": 0, "count4": 1}, {"Name": "MicroFundy", "Time": 20190123, "Text": "RT @DavidSchawel: @hmeisler @IvanTheK @MicroFundy You should just buy it now", "clean_text": "@DAVIDSCHAWEL @HMEISLER @IVANTHEK @MICROFUNDY BUY", "count1": 0, "count2": 1, "count3": 0, "count4": 1}]