["SHAREHOLDER", {"Name": "PresciencePoint", "Time": 20190611, "Text": "RT @MiMedx: Independent experts Institutional Shareholder Services and Egan Jones are recommending that MiMedx shareholders vote FOR all th\u2026", "clean_text": "@MIMEDX INDEPENDENT EXPERTS INSTITUTIONAL SHAREHOLDER SERVICES EGAN JONES RECOMMENDING MIMEDX SHAREHOLDERS VOTE", "count1": 0, "count2": 0, "count3": 0, "count4": 1}, {"Name": "PresciencePoint", "Time": 20190611, "Text": "RT @MiMedx: Read what expert neutral proxy advisors, Institutional Shareholder Services and Egan-Jones, said about Pete Petit &amp; his nominee\u2026", "clean_text": "@MIMEDX NEUTRAL PROXY ADVISORS INSTITUTIONAL SHAREHOLDER SERVICES EGANJONES PETE PETIT AMP NOMINEE", "count1": 0, "count2": 0, "count3": 1, "count4": 1}]