["BUSINESS", {"Name": "pmarca", "Time": 20190403, "Text": "RT @jeff_jordan: We cannot advise you on what to invest in! But we will continue to evolve how we run our business and innovate in supporti\u2026", "clean_text": "@JEFF_JORDAN ADVISE INVEST CONTINUE EVOLVE BUSINESS INNOVATE SUPPORTI", "count1": 1, "count2": 0, "count3": 0, "count4": 0}, {"Name": "GothamResearch", "Time": 20190326, "Text": "Had only somebody warned about the various risks to the $CRTO business ...", "clean_text": "SOMEBODY WARNED VARIOUS RISKS CRTO BUSINESS", "count1": 1, "count2": 0, "count3": 0, "count4": 0}, {"Name": "xuexishenghuo", "Time": 20190322, "Text": "@winsteadscap @crossdefault The shipping business is probably falling off a cliff", "clean_text": "@WINSTEADSCAP @CROSSDEFAULT SHIPPING BUSINESS FALLING CLIFF", "count1": 1, "count2": 0, "count3": 0, "count4": 0}]