["SON", {"Name": "footnoted", "Time": 20190403, "Text": "Also Croton on Hudson. My son is @CETelementary and had to wait 3 hours to complete the last section of the test. H\u2026 https://t.co/IwjDfZIpQA", "clean_text": "CROTON HUDSON SON @CETELEMENTARY COMPLETE SECTION TEST", "count1": 0, "count2": 0, "count3": 1, "count4": 0}, {"Name": "footnoted", "Time": 20190402, "Text": "@GannettAlbany My son just came home from school and told me about a 3-hour delay today while they tried to get the\u2026 https://t.co/taKsKEPmot", "clean_text": "@GANNETTALBANY SON HOME SCHOOL 3HOUR DELAY TRIED", "count1": 0, "count2": 0, "count3": 1, "count4": 0}, {"Name": "TMTanalyst", "Time": 20190401, "Text": "I figure there must be a lot of overlap between fintwit and #watch Twitter. My FIL gave my son his old watch but he\u2026 https://t.co/ada9TteLqC", "clean_text": "MUST LOT OVERLAP FINTWIT #WATCH FIL GAVE SON OLD WATCH", "count1": 0, "count2": 0, "count3": 1, "count4": 0}]