["@SPRUCEPOINTCAP", {"Name": "BergenCapital", "Time": 20190129, "Text": "RT @sprucepointcap: $XPO - stock promo or a company dedicated to superior client service?  \"The Better Business Bureau has received hundred\u2026", "clean_text": "@SPRUCEPOINTCAP XPO STOCK PROMO COMPANY DEDICATED SUPERIOR CLIENT SERVICE BUSINESS BUREAU RECEIVED HUNDRED", "count1": 0, "count2": 0, "count3": 0, "count4": 1}, {"Name": "BergenCapital", "Time": 20190129, "Text": "RT @sprucepointcap: $XPO closing a big 571k sqft warehouse, article says they lost a customer, laying employees off https://t.co/pNJK8mKtlL", "clean_text": "@SPRUCEPOINTCAP XPO CLOSING 571K SQFT WAREHOUSE ARTICLE LOST CUSTOMER LAYING EMPLOYEES", "count1": 0, "count2": 0, "count3": 0, "count4": 1}, {"Name": "ActivistShorts", "Time": 20190122, "Text": "RT @ActivistInsight: Ahead of the release of Episode 8 of The Activist Insight Podcast, a reminder that an interview with @sprucepointcap's\u2026", "clean_text": "@ACTIVISTINSIGHT RELEASE EPISODE ACTIVIST INSIGHT PODCAST REMINDER INTERVIEW @SPRUCEPOINTCAP", "count1": 0, "count2": 0, "count3": 0, "count4": 1}, {"Name": "ActivistShorts", "Time": 20190122, "Text": "Bonanza: four minutes apart, @sprucepointcap and @KerrisdaleCap announce new short reports will be out tomorrow.", "clean_text": "BONANZA FOUR APART @SPRUCEPOINTCAP @KERRISDALECAP ANNOUNCE SHORT REPORTS TOMORROW", "count1": 0, "count2": 0, "count3": 0, "count4": 1}]