["PRICEFIXING", {"Name": "AureliusValue", "Time": 20190513, "Text": "$LCI just the beginning of price-fixing fallout. Bloomberg opines that \"damages component of the state suit will li\u2026 https://t.co/9EBcKqMuBL", "clean_text": "LCI BEGINNING PRICEFIXING FALLOUT BLOOMBERG OPINES DAMAGES COMPONENT STATE SUIT LI", "count1": 0, "count2": 1, "count3": 0, "count4": 1}, {"Name": "AureliusValue", "Time": 20190513, "Text": "@AlderLaneeggs @CapitolistPig $LCI, a key officer, and senior manager all charged with egregious price-fixing by th\u2026 https://t.co/uTWpJhAt9p", "clean_text": "@ALDERLANEEGGS @CAPITOLISTPIG LCI OFFICER SENIOR MANAGER CHARGED EGREGIOUS PRICEFIXING", "count1": 0, "count2": 1, "count3": 1, "count4": 1}]