["CRAP", {"Name": "footnoted", "Time": 20190724, "Text": "@PlainSite Yes. Timing seemed unusually suspicious. Which means there\u2019s probably other crap being buried in todays crop of filings!", "clean_text": "@PLAINSITE TIMING SEEMED UNUSUALLY SUSPICIOUS MEANS CRAP TODAYS CROP FILINGS", "count1": 0, "count2": 1, "count3": 0, "count4": 0}, {"Name": "xuexishenghuo", "Time": 20190716, "Text": "@AlderLaneeggs But but but if you don\u2019t like the idea of predators selling crap to poor people, you could be a racist", "clean_text": "@ALDERLANEEGGS PREDATORS SELLING CRAP POOR RACIST", "count1": 0, "count2": 1, "count3": 0, "count4": 0}]