["SHAREHOLDER", {"Name": "JohnHuber72", "Time": 20191112, "Text": "Also, this is an interesting defense against shareholder activism... https://t.co/FMGVn5aRgJ", "clean_text": "INTERESTING DEFENSE AGAINST SHAREHOLDER ACTIVISM", "count1": 0, "count2": 1, "count3": 0, "count4": 0}, {"Name": "JohnHuber72", "Time": 20191112, "Text": "This was also back in the day when management fighting shareholder activism literally meant fighting. No need for p\u2026 https://t.co/g5u690oiqe", "clean_text": "MANAGEMENT FIGHTING SHAREHOLDER ACTIVISM LITERALLY MEANT FIGHTING", "count1": 0, "count2": 1, "count3": 0, "count4": 0}, {"Name": "PresciencePoint", "Time": 20191111, "Text": "Prescience Point remains $MDXG's largest shareholder and, as of Nov 11th, owns ~[7.7]% of @MiMedx\u2019s outstanding sha\u2026 https://t.co/ZdxDblAM4u", "clean_text": "PRESCIENCE POINT REMAINS MDXG LARGEST SHAREHOLDER NOV 11TH OWNS ~[77]% @MIMEDXS OUTSTANDING SHA", "count1": 0, "count2": 1, "count3": 0, "count4": 0}]