["MDXG", {"Name": "PresciencePoint", "Time": 20190530, "Text": "We look forward to working with the newly refreshed board to realize substantial value for all $MDXG shareholders. https://t.co/GvLMRcA0rb", "clean_text": "FORWARD NEWLY REFRESHED BOARD REALIZE SUBSTANTIAL VALUE MDXG SHAREHOLDERS", "count1": 0, "count2": 1, "count3": 0, "count4": 0}, {"Name": "PresciencePoint", "Time": 20190530, "Text": "We are very excited to have reached an agreement for a broad reconstitution of the board of $MDXG. Under the plan,\u2026 https://t.co/lEuFGPDPRP", "clean_text": "EXCITED REACHED AGREEMENT BROAD RECONSTITUTION BOARD MDXG UNDER", "count1": 1, "count2": 1, "count3": 0, "count4": 0}, {"Name": "AureliusValue", "Time": 20190523, "Text": "$MDXG a complete and utter fraud https://t.co/bg0yxqH60h", "clean_text": "MDXG COMPLETE UTTER FRAUD", "count1": 0, "count2": 1, "count3": 0, "count4": 0}, {"Name": "AureliusValue", "Time": 20190523, "Text": "RT @DonutShorts: Old enough to remember when the $MDXG sock puppets and management team scoffed at the notion that employees were spied upo\u2026", "clean_text": "@DONUTSHORTS OLD MDXG SOCK PUPPETS MANAGEMENT TEAM SCOFFED NOTION EMPLOYEES SPIED UPO", "count1": 0, "count2": 1, "count3": 0, "count4": 0}, {"Name": "AureliusValue", "Time": 20190523, "Text": "Remember when Petit denied bugging hotels and cars in this bizarre 2018 $MDXG \"illegal short selling\" press release\u2026 https://t.co/m282yemH0k", "clean_text": "PETIT DENIED BUGGING HOTELS CARS BIZARRE MDXG ILLEGAL SHORT SELLING PRESS RELEASE", "count1": 0, "count2": 1, "count3": 0, "count4": 0}]