["BEST", {"Name": "pmarca", "Time": 20191025, "Text": "\"The world of technology thrives best when individuals are left alone to be different, creative, and disobedient.\"\u2026 https://t.co/5GufYtH3xh", "clean_text": "TECHNOLOGY THRIVES BEST INDIVIDUALS ALONE CREATIVE DISOBEDIENT", "count1": 0, "count2": 0, "count3": 0, "count4": 1}, {"Name": "marketfolly", "Time": 20191024, "Text": "@TravisWiedower @JerryCap @GromitCap One of the best ways to test your knowledge of a subject. Do it for every inve\u2026 https://t.co/hFY3u0b1Yr", "clean_text": "@TRAVISWIEDOWER @JERRYCAP @GROMITCAP BEST WAYS TEST KNOWLEDGE SUBJECT INVE", "count1": 0, "count2": 0, "count3": 0, "count4": 1}, {"Name": "JohnHuber72", "Time": 20191023, "Text": "It\u2019s funny that this is the best lie that Nike could come up with for why Salazar cheated. It\u2019s hard enough to imag\u2026 https://t.co/kkvI1OmZE2", "clean_text": "BEST LIE NIKE COME SALAZAR CHEATED HARD IMAG", "count1": 0, "count2": 0, "count3": 0, "count4": 1}, {"Name": "AureliusValue", "Time": 20191023, "Text": "RT @johnnyshap: My take on short reports. The best protection against short seller attacks is good governance, conservative accounting and\u2026", "clean_text": "@JOHNNYSHAP SHORT REPORTS BEST PROTECTION AGAINST SHORT SELLER ATTACKS GOOD GOVERNANCE CONSERVATIVE ACCOUNTING", "count1": 0, "count2": 0, "count3": 0, "count4": 1}]