["ALLOSURE", {"Name": "KerrisdaleCap", "Time": 20190716, "Text": "AlloSure sales is overwhelmingly comprised of usage in clinical studies designed to test the product's effectivenes\u2026 https://t.co/9D03EMfLiV", "clean_text": "ALLOSURE SALES OVERWHELMINGLY COMPRISED USAGE CLINICAL DESIGNED TEST PRODUCT EFFECTIVENES", "count1": 1, "count2": 1, "count3": 0, "count4": 1}, {"Name": "KerrisdaleCap", "Time": 20190716, "Text": "Trials show that AlloSure misses &gt;40% of rejections identified by the current standard of care, making it dangerous\u2026 https://t.co/K8cVvozmW9", "clean_text": "TRIALS ALLOSURE MISSES GT40% REJECTIONS IDENTIFIED CURRENT STANDARD CARE MAKING DANGEROUS", "count1": 0, "count2": 0, "count3": 0, "count4": 1}, {"Name": "KerrisdaleCap", "Time": 20190716, "Text": "Poor results expose AlloSure to competition in H2. Natera\u2019s Prospera test is set to enter the market, partnering w/\u2026 https://t.co/yRXtwoP8U3", "clean_text": "POOR RESULTS EXPOSE ALLOSURE COMPETITION H2 NATERAS PROSPERA TEST SET ENTER PARTNERING", "count1": 1, "count2": 0, "count3": 0, "count4": 1}, {"Name": "KerrisdaleCap", "Time": 20190716, "Text": "At 18x trailing revenue, and 33x the most recent quarter\u2019s AlloSure run-rate, CareDx\u2019s valuation is even richer tha\u2026 https://t.co/s1JqkRones", "clean_text": "18X TRAILING REVENUE 33X RECENT QUARTERS ALLOSURE RUNRATE CAREDXS VALUATION RICHER THA", "count1": 0, "count2": 0, "count3": 0, "count4": 1}]