["WHATEVER", {"Name": "FundyLongShort", "Time": 20190308, "Text": "@Nonrelatedsense So good: \n\u201cWhatever happens with Brexit, at least we can now relax in the knowledge that the futur\u2026 https://t.co/10LOTZWt7u", "clean_text": "@NONRELATEDSENSE GOOD WHATEVER HAPPENS BREXIT RELAX KNOWLEDGE FUTUR", "count1": 1, "count2": 0, "count3": 0, "count4": 0}, {"Name": "marketfolly", "Time": 20190226, "Text": "Warren Buffett\u2019s interview yesterday, whatever flavor you want: summary, video &amp; transcript all posted here\u2026 https://t.co/6tMbuS7SOv", "clean_text": "WARREN BUFFETTS INTERVIEW YESTERDAY WHATEVER FLAVOR VIDEO AMP TRANSCRIPT POSTED", "count1": 1, "count2": 0, "count3": 0, "count4": 0}]