["PRICE", {"Name": "AureliusValue", "Time": 20190513, "Text": "RT @SeekingAlpha: $LCI - Lannett: Price Fixing Case Kicks The Legs Out, Fines And Management Turnover Inevitable https://t.co/aIQ6QJgxwi", "clean_text": "@SEEKINGALPHA LCI LANNETT PRICE FIXING CASE KICKS LEGS FINES MANAGEMENT TURNOVER INEVITABLE", "count1": 0, "count2": 0, "count3": 0, "count4": 1}, {"Name": "AureliusValue", "Time": 20190512, "Text": "RT @CapitolistPig: Regarding $LCI and the generic price fixing scandal that will air tonight on 60 min, I have a few thoughts and reminders\u2026", "clean_text": "@CAPITOLISTPIG REGARDING LCI GENERIC PRICE FIXING SCANDAL AIR TONIGHT MIN THOUGHTS REMINDERS", "count1": 0, "count2": 0, "count3": 0, "count4": 1}]