["INCOME", {"Name": "JohnHuber72", "Time": 20190815, "Text": "There is a lot of worry about bank profits if rates fall further, but net interest income in US banking system has\u2026 https://t.co/BQN5mQpaNu", "clean_text": "LOT WORRY BANK PROFITS RATES FALL FURTHER NET INTEREST INCOME BANKING SYSTEM", "count1": 0, "count2": 0, "count3": 1, "count4": 0}, {"Name": "JohnHuber72", "Time": 20190812, "Text": "@WallSt_Dropout No, I don't think so. Net interest income in the US banking system has risen every single year exce\u2026 https://t.co/yHIzgOjtTV", "clean_text": "@WALLST_DROPOUT NET INTEREST INCOME BANKING SYSTEM RISEN SINGLE EXCE", "count1": 0, "count2": 0, "count3": 1, "count4": 0}]