["DEBT", {"Name": "BergenCapital", "Time": 20190224, "Text": "RT @RyanAFournier: This is ridiculous. $226,000 in college debt and she believes taxpayers should be punished for her financial irresponsib\u2026", "clean_text": "@RYANAFOURNIER RIDICULOUS COLLEGE DEBT BELIEVES TAXPAYERS PUNISHED FINANCIAL IRRESPONSIB", "count1": 0, "count2": 0, "count3": 0, "count4": 1}, {"Name": "BergenCapital", "Time": 20190213, "Text": "RT @TruthGundlach: The United States National Debt surpassed $22,000,000,000,000 today.", "clean_text": "@TRUTHGUNDLACH UNITED STATES NATIONAL DEBT SURPASSED", "count1": 0, "count2": 0, "count3": 0, "count4": 1}]