["FLIGHT", {"Name": "ActAccordingly", "Time": 20191211, "Text": "@JeffMacke That video you posted on the Yeager flight created quite a convo in my family (my uncle flew the F-14 in\u2026 https://t.co/p2A9DQAHOL", "clean_text": "@JEFFMACKE VIDEO POSTED YEAGER FLIGHT CREATED CONVO FAMILY UNCLE FLEW F14", "count1": 1, "count2": 0, "count3": 0, "count4": 0}, {"Name": "JohnHuber72", "Time": 20191205, "Text": "@greg_ip You let them in Greg, no questions asked. The value of that person not missing their flight is so much mor\u2026 https://t.co/ioQc2g9hoQ", "clean_text": "@GREG_IP GREG QUESTIONS VALUE PERSON MISSING FLIGHT MOR", "count1": 1, "count2": 0, "count3": 0, "count4": 0}]