["13D", {"Name": "marketfolly", "Time": 20190830, "Text": "Dr. Michael Burry\u2019s been busy lately. Scion Asset files 13D on Tailored Brands $TLRD showing increased stake &amp; new\u2026 https://t.co/XVvsNFBi2c", "clean_text": "DR MICHAEL BURRYS LATELY SCION ASSET 13D TAILORED BRANDS TLRD SHOWING INCREASED STAKE AMP", "count1": 0, "count2": 0, "count3": 1, "count4": 1}, {"Name": "marketfolly", "Time": 20190830, "Text": "JANA Partners buys Bloomin Brands stake, files 13D https://t.co/FuGJfHiOGl $BLMN", "clean_text": "JANA PARTNERS BUYS BLOOMIN BRANDS STAKE 13D BLMN", "count1": 0, "count2": 0, "count3": 0, "count4": 1}, {"Name": "marketfolly", "Time": 20190828, "Text": "Tiger Global buys more Sunrun https://t.co/Iqg3r2Y0XA $RUN per 13D filing", "clean_text": "TIGER GLOBAL BUYS SUNRUN PER 13D FILING", "count1": 0, "count2": 0, "count3": 0, "count4": 1}]