["CAPITAL", {"Name": "JohnHuber72", "Time": 20190620, "Text": "New Post: An Update on Saber Capital: https://t.co/8EHt8fouc9", "clean_text": "POST UPDATE SABER CAPITAL", "count1": 0, "count2": 1, "count3": 0, "count4": 0}, {"Name": "pmarca", "Time": 20190618, "Text": "Want to learn the deepest secrets of Silicon Valley and venture capital? Pick up my partner @skupor's new tell-all\u2026 https://t.co/ogY55Jeys6", "clean_text": "DEEPEST SECRETS SILICON VALLEY VENTURE CAPITAL PICK PARTNER @SKUPOR TELLALL", "count1": 0, "count2": 1, "count3": 0, "count4": 1}]