["PRESENTATION", {"Name": "AureliusValue", "Time": 20190610, "Text": "$TEUM DELETED seven slides from the May 28 analyst day presentation posted on its website last night and made a ser\u2026 https://t.co/mkUphW6pgG", "clean_text": "TEUM DELETED SEVEN SLIDES ANALYST PRESENTATION POSTED SER", "count1": 0, "count2": 1, "count3": 0, "count4": 0}, {"Name": "AureliusValue", "Time": 20190610, "Text": "$TEUM we archived the previously posted presentation they actually gave to investors here:  https://t.co/DuTKA6RZaX\u2026 https://t.co/bM4HbELmrh", "clean_text": "TEUM ARCHIVED PREVIOUSLY POSTED PRESENTATION GAVE INVESTORS", "count1": 0, "count2": 1, "count3": 0, "count4": 0}, {"Name": "PresciencePoint", "Time": 20190605, "Text": "RT @MiMedx: MiMedx just posted a presentation for investors. Download the presentation here: https://t.co/9iVS5fN4bX. Vote the BLUE card to\u2026", "clean_text": "@MIMEDX MIMEDX POSTED PRESENTATION INVESTORS DOWNLOAD PRESENTATION VOTE BLUE CARD", "count1": 0, "count2": 2, "count3": 0, "count4": 0}]