["SEC", {"Name": "PresciencePoint", "Time": 20191126, "Text": "This was confirmed by today\u2019s SEC complaint which revealed that \u201cat least 6% to 14%\u201d of $MDXG's reported revenue ea\u2026 https://t.co/tf7Nc3ATO8", "clean_text": "CONFIRMED TODAYS SEC COMPLAINT REVEALED 6% 14%\u201d MDXG REPORTED REVENUE EA", "count1": 0, "count2": 0, "count3": 1, "count4": 0}, {"Name": "PresciencePoint", "Time": 20191126, "Text": "In our Initiation Report, we also concluded that any penalty from the SEC would not be sizable enough to cause\u2026 https://t.co/mz1oUiNOYO", "clean_text": "INITIATION REPORT CONCLUDED PENALTY SEC SIZABLE", "count1": 1, "count2": 0, "count3": 1, "count4": 0}, {"Name": "PresciencePoint", "Time": 20191126, "Text": "This was confirmed by today\u2019s announcement that $MDXG had settled with the SEC for just $1.5m \u2013 the exact same amou\u2026 https://t.co/9vc3HKSiSC", "clean_text": "CONFIRMED TODAYS ANNOUNCEMENT MDXG SETTLED SEC 15M EXACT AMOU", "count1": 0, "count2": 0, "count3": 1, "count4": 0}, {"Name": "PresciencePoint", "Time": 20191126, "Text": "Finally, we applaud the SEC for their indictment of former $MDXG CEO Parker \u201cPete\u201d Petit and two other former execu\u2026 https://t.co/UKPZQINHnI", "clean_text": "APPLAUD SEC INDICTMENT FORMER MDXG CEO PARKER PETE\u201d PETIT FORMER EXECU", "count1": 0, "count2": 0, "count3": 1, "count4": 0}, {"Name": "AureliusValue", "Time": 20191126, "Text": "$MDXG parallel proceedings filed by SEC against Mimedx and former executives for orchestrating \"pervasive, long run\u2026 https://t.co/SD10xQlw17", "clean_text": "MDXG PARALLEL PROCEEDINGS FILED SEC AGAINST MIMEDX FORMER EXECUTIVES ORCHESTRATING PERVASIVE LONG", "count1": 0, "count2": 0, "count3": 1, "count4": 0}]