["TCX", {"Name": "CopperfieldRscr", "Time": 20190214, "Text": "With early morning gaming of $TCX over, we will again point out the company's brazen disregard for facts, accuracy,\u2026 https://t.co/JHJgdQZzcS", "clean_text": "EARLY GAMING TCX POINT COMPANY BRAZEN DISREGARD FACTS ACCURACY", "count1": 0, "count2": 1, "count3": 0, "count4": 0}, {"Name": "CopperfieldRscr", "Time": 20190214, "Text": "Yet on $TCX eps call (3:40 mark), yesterday found here - https://t.co/vDg7OdKFkx, Mr. Noss said Cash EBITDA was $53\u2026 https://t.co/8PteYULhhs", "clean_text": "TCX EPS MARK YESTERDAY FOUND MR NOSS CASH EBITDA", "count1": 0, "count2": 1, "count3": 0, "count4": 0}, {"Name": "CopperfieldRscr", "Time": 20190214, "Text": "Further, as $TCX invented this $53.7M Cash EBITDA number w/o defining it (when \"normal\" Adjusted EBITDA missed), we\u2026 https://t.co/cQMMxPno61", "clean_text": "FURTHER TCX INVENTED 537M CASH EBITDA NUMBER DEFINING NORMAL ADJUSTED EBITDA MISSED", "count1": 0, "count2": 1, "count3": 0, "count4": 0}, {"Name": "CopperfieldRscr", "Time": 20190214, "Text": "But that is not it for misrepresentation (this time), at the 2:30 mark, in PREPARED remarks, Mr. Noss claimed $TCX\u2026 https://t.co/nSyarTgtHC", "clean_text": "MISREPRESENTATION MARK PREPARED REMARKS MR NOSS CLAIMED TCX", "count1": 0, "count2": 1, "count3": 0, "count4": 0}, {"Name": "CopperfieldRscr", "Time": 20190214, "Text": "Finally, to the $TCX $40M \"buyback,\" this was a renewal of the $40M buyback announced in 2018 that expired. NOT A S\u2026 https://t.co/t76tkLDqjm", "clean_text": "TCX 40M BUYBACK RENEWAL 40M BUYBACK ANNOUNCED EXPIRED", "count1": 0, "count2": 1, "count3": 0, "count4": 0}]