["AMZN", {"Name": "marketfolly", "Time": 20190910, "Text": "$AAPL using AppleTV+ content to sell iPhones. $AMZN using PrimeVideo content to sell shoes.  $DIS using Disney+ con\u2026 https://t.co/JGnY9vBc6p", "clean_text": "AAPL APPLETV+ CONTENT SELL IPHONES AMZN PRIMEVIDEO CONTENT SELL SHOES DIS DISNEY+ CON", "count1": 1, "count2": 0, "count3": 0, "count4": 0}, {"Name": "marketfolly", "Time": 20190904, "Text": "What we\u2019re reading https://t.co/71kiUi9OYd $BAM $EL $FDX $UPS $AMZN $MANU $MSFT $PTON", "clean_text": "BAM EL FDX UPS AMZN MANU MSFT PTON", "count1": 1, "count2": 0, "count3": 0, "count4": 0}]