["@CARLQUINTANILLA", {"Name": "MicroFundy", "Time": 20190502, "Text": "cc @carlquintanilla https://t.co/2Er4wAXlTZ", "clean_text": "CC @CARLQUINTANILLA", "count1": 0, "count2": 0, "count3": 1, "count4": 0}, {"Name": "MicroFundy", "Time": 20190430, "Text": "@carlquintanilla actually...  ;-) \nbased on CF statement it seems like over $30B of stock was bought back since las\u2026 https://t.co/em8EqgGGqm", "clean_text": "@CARLQUINTANILLA BASED CF STATEMENT 30B STOCK BOUGHT LAS", "count1": 0, "count2": 0, "count3": 1, "count4": 0}]