["PERFORMANCE", {"Name": "JohnHuber72", "Time": 20191213, "Text": "Some quant should run a backrest to see the performance of stocks that don\u2019t cite EBITDA or adjusted numbers in the\u2026 https://t.co/9uRIIIqKfd", "clean_text": "QUANT BACKREST PERFORMANCE STOCKS CITE EBITDA ADJUSTED NUMBERS", "count1": 0, "count2": 0, "count3": 1, "count4": 0}, {"Name": "JohnHuber72", "Time": 20191213, "Text": "Same goes for the length of the 10-K. I bet there is a direct correlation between stock price performance and brevi\u2026 https://t.co/cU8VR3YUMD", "clean_text": "LENGTH 10K BET DIRECT CORRELATION STOCK PRICE PERFORMANCE BREVI", "count1": 0, "count2": 0, "count3": 1, "count4": 0}]