["MUST", {"Name": "ActAccordingly", "Time": 20191219, "Text": "This is a must read. I cheer for Darren Waller as a Raiders fan, but more importantly as a human.  @AlderLaneeggs https://t.co/UBZQAAxtn2", "clean_text": "MUST CHEER DARREN WALLER RAIDERS FAN IMPORTANTLY HUMAN @ALDERLANEEGGS", "count1": 0, "count2": 0, "count3": 1, "count4": 0}, {"Name": "JohnHuber72", "Time": 20191213, "Text": "@MikeBrice You got me. But somewhere out there must exist a 60-pg earnings release filled with adjusted numbers. I\u2026 https://t.co/cqkP2j6NS2", "clean_text": "@MIKEBRICE SOMEWHERE MUST EXIST 60PG EARNINGS RELEASE FILLED ADJUSTED NUMBERS", "count1": 0, "count2": 0, "count3": 1, "count4": 0}]