["CURRENT", {"Name": "JohnHuber72", "Time": 20190718, "Text": "@harirama Thanks Hari. I think the current banking business is really sticky, and will be around for a long time. N\u2026 https://t.co/uo9vifRtv2", "clean_text": "@HARIRAMA HARI CURRENT BANKING BUSINESS STICKY LONG", "count1": 1, "count2": 0, "count3": 0, "count4": 0}, {"Name": "KerrisdaleCap", "Time": 20190716, "Text": "Trials show that AlloSure misses &gt;40% of rejections identified by the current standard of care, making it dangerous\u2026 https://t.co/K8cVvozmW9", "clean_text": "TRIALS ALLOSURE MISSES GT40% REJECTIONS IDENTIFIED CURRENT STANDARD CARE MAKING DANGEROUS", "count1": 1, "count2": 0, "count3": 1, "count4": 0}]