["@MODESTPROPOSAL1", {"Name": "TMTanalyst", "Time": 20181228, "Text": "@modestproposal1 Companies that rely on VC backed start ups for at dollars will also be disproportionately affected\u2026 https://t.co/70vJ7vizti", "clean_text": "@MODESTPROPOSAL1 COMPANIES RELY VC BACKED START UPS DOLLARS DISPROPORTIONATELY AFFECTED", "count1": 1, "count2": 0, "count3": 0, "count4": 0}, {"Name": "TMTanalyst", "Time": 20181228, "Text": "@modestproposal1 I rarely see traditional brand adv on social media.", "clean_text": "@MODESTPROPOSAL1 RARELY TRADITIONAL BRAND ADV SOCIAL MEDIA", "count1": 1, "count2": 1, "count3": 0, "count4": 0}, {"Name": "TMTanalyst", "Time": 20181228, "Text": "@modestproposal1 Also wework. They are probably f\u2019d if the start ups collapse. They could hurt commercial real esta\u2026 https://t.co/nuLA6gl4ys", "clean_text": "@MODESTPROPOSAL1 WEWORK FD START UPS COLLAPSE HURT COMMERCIAL ESTA", "count1": 1, "count2": 0, "count3": 0, "count4": 0}, {"Name": "TMTanalyst", "Time": 20181228, "Text": "@J264B @modestproposal1 So you are saying commercial RE would@be in trouble with out wework. So what happens if wework needs less space?", "clean_text": "@J264B @MODESTPROPOSAL1 SAYING COMMERCIAL RE WOULD@BE TROUBLE WEWORK HAPPENS WEWORK SPACE", "count1": 1, "count2": 0, "count3": 1, "count4": 0}, {"Name": "TMTanalyst", "Time": 20181228, "Text": "@J264B @modestproposal1 But the biz model is long term fixed expenses and liabilities with variable short term revs\u2026 https://t.co/NzI5RoWNlo", "clean_text": "@J264B @MODESTPROPOSAL1 BIZ MODEL LONG TERM FIXED EXPENSES LIABILITIES VARIABLE SHORT TERM REVS", "count1": 1, "count2": 0, "count3": 0, "count4": 0}, {"Name": "TMTanalyst", "Time": 20181228, "Text": "@J264B @modestproposal1 Or wework decides to downsize, sublease large amounts of space putting significant downward\u2026 https://t.co/k0c2HFa3Xw", "clean_text": "@J264B @MODESTPROPOSAL1 WEWORK DECIDES DOWNSIZE SUBLEASE LARGE AMOUNTS SPACE PUTTING SIGNIFICANT DOWNWARD", "count1": 1, "count2": 0, "count3": 1, "count4": 0}, {"Name": "TMTanalyst", "Time": 20181228, "Text": "@J264B @modestproposal1 Finally I may be way over my skis as I am not a reit investor.", "clean_text": "@J264B @MODESTPROPOSAL1 SKIS REIT INVESTOR", "count1": 1, "count2": 0, "count3": 0, "count4": 0}, {"Name": "FundyLongShort", "Time": 20181220, "Text": "@modestproposal1 Good stuff, thanks.  Goldstein is the man.", "clean_text": "@MODESTPROPOSAL1 GOOD STUFF GOLDSTEIN", "count1": 1, "count2": 0, "count3": 0, "count4": 0}]