["NOTE", {"Name": "BergenCapital", "Time": 20190223, "Text": "RT @charliebilello: The Dow has rallied over 20% from its Dec low and is now just 2% below its all-time high from last October (note: total\u2026", "clean_text": "@CHARLIEBILELLO DOW RALLIED 20% LOW 2% BELOW ALLTIME HIGH OCTOBER NOTE", "count1": 0, "count2": 0, "count3": 0, "count4": 1}, {"Name": "SmallCapLS", "Time": 20190222, "Text": "Side note: these situations are most prone to occur in sectors where structural factors leave investors starved of\u2026 https://t.co/JqrhKeCXLz", "clean_text": "SIDE NOTE SITUATIONS PRONE OCCUR SECTORS STRUCTURAL FACTORS INVESTORS STARVED", "count1": 0, "count2": 0, "count3": 0, "count4": 1}]