["MULTIPLE", {"Name": "xuexishenghuo", "Time": 20190321, "Text": "$NUS is not the only scam in town - apparently multiple $USNA products' health and safety licenses have expired in\u2026 https://t.co/sEBPMgDPvi", "clean_text": "NUS SCAM TOWN APPARENTLY MULTIPLE USNA PRODUCT HEALTH SAFETY LICENSES EXPIRED", "count1": 1, "count2": 0, "count3": 1, "count4": 0}, {"Name": "xuexishenghuo", "Time": 20190320, "Text": "always just a few bad apples. $USNA raided by HuNan police with multiple arrests and 360mm RMB bank account frozen.\u2026 https://t.co/hdIUFgnlTv", "clean_text": "BAD APPLES USNA RAIDED HUNAN POLICE MULTIPLE ARRESTS 360MM RMB BANK ACCOUNT FROZEN", "count1": 0, "count2": 0, "count3": 1, "count4": 0}, {"Name": "xuexishenghuo", "Time": 20190320, "Text": "Always just a few bad apples. $USNA fined multiple times and multiple millions in China. https://t.co/cEjU1byLUW", "clean_text": "BAD APPLES USNA FINED MULTIPLE TIMES MULTIPLE MILLIONS", "count1": 0, "count2": 0, "count3": 2, "count4": 0}]