["SHORT", {"Name": "KerrisdaleCap", "Time": 20190626, "Text": "We are short $TCX. Report avail at https://t.co/ZbOhgWVQda. Tucows\u2019 domains and MVNO businesses are in decline and\u2026 https://t.co/9pv3WU4A9a", "clean_text": "SHORT TCX REPORT AVAIL TUCOWS DOMAINS MVNO BUSINESSES DECLINE", "count1": 0, "count2": 1, "count3": 0, "count4": 0}, {"Name": "KerrisdaleCap", "Time": 20190626, "Text": "RT @VicF77: New York short seller @KerrisdaleCap is targeting Canadian telecom company Tucows, calling for its stock to fall to around $25\u2026", "clean_text": "@VICF77 SHORT SELLER @KERRISDALECAP TARGETING CANADIAN TELECOM COMPANY TUCOWS CALLING STOCK FALL", "count1": 0, "count2": 1, "count3": 0, "count4": 0}]