["ICAHN", {"Name": "activiststocks", "Time": 20191119, "Text": "The analyst who sniffed out Buffett and Icahn moves believes someone big is buying Netflix https://t.co/nIZVDCgre0", "clean_text": "ANALYST SNIFFED BUFFETT ICAHN MOVES BELIEVES SOMEONE BUYING NETFLIX", "count1": 1, "count2": 0, "count3": 0, "count4": 0}, {"Name": "activiststocks", "Time": 20191107, "Text": "Icahn hedge-fund prot\u00e9g\u00e9 says these have been the 2 biggest \u2018pain trades\u2019 lately https://t.co/kDDxLwNlm1", "clean_text": "ICAHN HEDGEFUND PROT\u00c9G\u00c9 BIGGEST PAIN TRADES LATELY", "count1": 1, "count2": 0, "count3": 0, "count4": 0}]