["FAILED", {"Name": "PresciencePoint", "Time": 20191209, "Text": "RT @_davidelman: Celadon indeed has filed for Chapter 11; short seller @PresciencePoint two years ago said Celadon's shares failed \"to refl\u2026", "clean_text": "@_DAVIDELMAN CELADON INDEED FILED CHAPTER SHORT SELLER @PRESCIENCEPOINT AGO CELADON SHARES FAILED REFL", "count1": 0, "count2": 0, "count3": 0, "count4": 1}, {"Name": "JohnHuber72", "Time": 20191202, "Text": "Here comes the \u201cThe Patriots are done\u201d chorus. \u201cThe Patriots have failed Brady, and Brady has failed the Patriots\u201d.\u2026 https://t.co/5vHdThEYHf", "clean_text": "PATRIOTS DONE\u201d CHORUS PATRIOTS FAILED BRADY BRADY FAILED PATRIOTS\u201d", "count1": 0, "count2": 0, "count3": 0, "count4": 2}]