["REPORT", {"Name": "AureliusValue", "Time": 20191021, "Text": "There were many who enabled the $TEUM hoax, but this sell side report was particularly egregious: https://t.co/anJ2bMWDqf", "clean_text": "ENABLED TEUM HOAX SELL SIDE REPORT PARTICULARLY EGREGIOUS", "count1": 1, "count2": 0, "count3": 0, "count4": 0}, {"Name": "ValueDude", "Time": 20191015, "Text": "NJ is set to report September 2019 in a few hours.  And later this week, PA will follow.  I think they are importan\u2026 https://t.co/XCkGEuQIgJ", "clean_text": "NJ SET REPORT SEPTEMBER LATER PA FOLLOW IMPORTAN", "count1": 1, "count2": 0, "count3": 0, "count4": 1}]