["FTC", {"Name": "AureliusValue", "Time": 20190424, "Text": "@bartjw @CVCResearch @TheIpHawk @AlderLaneeggs @MotherCabriniNY @hal_jam @Chubb The FTC already defined these as \"n\u2026 https://t.co/0o4sDQK41u", "clean_text": "@BARTJW @CVCRESEARCH @THEIPHAWK @ALDERLANEEGGS @MOTHERCABRININY @HAL_JAM @CHUBB FTC ALREADY DEFINED", "count1": 0, "count2": 0, "count3": 1, "count4": 1}, {"Name": "AureliusValue", "Time": 20190418, "Text": "$HIIQ Congressman Darren Soto @DarrenSoto writes letter to FTC asking how to \"end the collection of monies from vic\u2026 https://t.co/uvXnlql2lp", "clean_text": "HIIQ CONGRESSMAN DARREN SOTO @DARRENSOTO WRITES LETTER FTC ASKING COLLECTION MONIES VIC", "count1": 0, "count2": 0, "count3": 1, "count4": 0}]