["GREAT", {"Name": "FundyLongShort", "Time": 20190113, "Text": "@BluegrassCap They are phenomenal.  Rick Hicks, their Chief Culture Officer, recommends Leoncini's The Advantage, too.  Great book.", "clean_text": "@BLUEGRASSCAP PHENOMENAL RICK HICKS CHIEF CULTURE OFFICER RECOMMENDS LEONCINI ADVANTAGE GREAT BOOK", "count1": 0, "count2": 0, "count3": 1, "count4": 0}, {"Name": "KerrisdaleCap", "Time": 20190110, "Text": "RT @jonnajarian: Another great night at @huntandfishnyc with our friend  @sahmadrangi the CIO of @kerrisdalecap last night! Sahm was the ge\u2026", "clean_text": "@JONNAJARIAN GREAT @HUNTANDFISHNYC FRIEND @SAHMADRANGI CIO @KERRISDALECAP SAHM GE", "count1": 0, "count2": 0, "count3": 1, "count4": 0}]