["ATTENTION", {"Name": "footnoted", "Time": 20190708, "Text": "$BX filed a pretty interesting 8-K on a Friday night when few people were probably working or paying attention. It\u2026 https://t.co/z3rmWrbUXl", "clean_text": "BX FILED INTERESTING FRIDAY PAYING ATTENTION", "count1": 1, "count2": 1, "count3": 0, "count4": 1}, {"Name": "footnoted", "Time": 20190708, "Text": "Been playing catch-up on some of Friday\u2019s filings and there\u2019s a few truffles in there on a day when few people were likely paying attention.", "clean_text": "PLAYING CATCHUP FRIDAYS FILINGS TRUFFLES PAYING ATTENTION", "count1": 1, "count2": 0, "count3": 0, "count4": 1}]