["@MICHAELSANTOLI", {"Name": "MicroFundy", "Time": 20190726, "Text": "@michaelsantoli @TheStalwart when i still blogged!", "clean_text": "@MICHAELSANTOLI @THESTALWART BLOGGED", "count1": 0, "count2": 0, "count3": 0, "count4": 1}, {"Name": "MicroFundy", "Time": 20190726, "Text": "@CapitalObserver @michaelsantoli @TheStalwart i know, right! I miss it sometimes", "clean_text": "@CAPITALOBSERVER @MICHAELSANTOLI @THESTALWART MISS", "count1": 0, "count2": 0, "count3": 0, "count4": 1}, {"Name": "MicroFundy", "Time": 20190726, "Text": "@sharkbiotech @CapitalObserver @michaelsantoli @TheStalwart lol", "clean_text": "@SHARKBIOTECH @CAPITALOBSERVER @MICHAELSANTOLI @THESTALWART LOL", "count1": 0, "count2": 0, "count3": 0, "count4": 1}]