["UNUSUAL", {"Name": "AureliusValue", "Time": 20190418, "Text": "RT @RodBoydILM: One aspect of the $WDI story that hasn't been adequately illuminated is what, for want of a term, is the unusual amount of\u2026", "clean_text": "@RODBOYDILM ASPECT WDI HASNT ADEQUATELY ILLUMINATED TERM UNUSUAL AMOUNT", "count1": 1, "count2": 0, "count3": 0, "count4": 0}, {"Name": "ActivistShorts", "Time": 20190411, "Text": "Unusual overlap between short and long activists. https://t.co/M9sqodV85J", "clean_text": "UNUSUAL OVERLAP SHORT LONG ACTIVISTS", "count1": 1, "count2": 0, "count3": 0, "count4": 0}]