["FIRE", {"Name": "MicroFundy", "Time": 20190314, "Text": "Both $DELL and $CELG-$BMY spread on fire today. Would love to share some of whatever @given2tweet is going to be drinking this afternoon.", "clean_text": "DELL CELGBMY SPREAD FIRE SHARE WHATEVER @GIVEN2TWEET DRINKING AFTERNOON", "count1": 0, "count2": 1, "count3": 0, "count4": 0}, {"Name": "xuexishenghuo", "Time": 20190305, "Text": "$LB to-do list: \n1. have Les retire\n2. Fire everyone on the board who\u2019s &gt;60\n3. Stop VS expansion in China\n4. Spin o\u2026 https://t.co/k8MZKGaTKT", "clean_text": "LB TODO LES RETIRE FIRE BOARD WHOS GT60 STOP EXPANSION SPIN", "count1": 0, "count2": 1, "count3": 0, "count4": 0}]