["POOR", {"Name": "xuexishenghuo", "Time": 20190716, "Text": "@AlderLaneeggs But but but if you don\u2019t like the idea of predators selling crap to poor people, you could be a racist", "clean_text": "@ALDERLANEEGGS PREDATORS SELLING CRAP POOR RACIST", "count1": 0, "count2": 1, "count3": 0, "count4": 0}, {"Name": "KerrisdaleCap", "Time": 20190716, "Text": "Poor results expose AlloSure to competition in H2. Natera\u2019s Prospera test is set to enter the market, partnering w/\u2026 https://t.co/yRXtwoP8U3", "clean_text": "POOR RESULTS EXPOSE ALLOSURE COMPETITION H2 NATERAS PROSPERA TEST SET ENTER PARTNERING", "count1": 0, "count2": 1, "count3": 0, "count4": 0}]