["DILIGENCE", {"Name": "AureliusValue", "Time": 20190419, "Text": "@CVCResearch @TheIpHawk @AlderLaneeggs @MotherCabriniNY @hal_jam @Chubb Best of luck and suggest you do more diligence", "clean_text": "@CVCRESEARCH @THEIPHAWK @ALDERLANEEGGS @MOTHERCABRININY @HAL_JAM @CHUBB BEST LUCK SUGGEST DILIGENCE", "count1": 0, "count2": 1, "count3": 1, "count4": 0}, {"Name": "AureliusValue", "Time": 20190419, "Text": "@CVCResearch Again, best of luck in your long and suggest you do more diligence.  You are completely wrong here.", "clean_text": "@CVCRESEARCH BEST LUCK LONG SUGGEST DILIGENCE COMPLETELY WRONG", "count1": 0, "count2": 1, "count3": 0, "count4": 0}]