["WINNING", {"Name": "TruthGundlach", "Time": 20191105, "Text": "What?!\n\nI\u2019m hearing tentative respect for the Bills in sports media!\n\nWinning at Cleveland this Sunday is a must to deserve it.\n\nGo Bills!!!", "clean_text": "HEARING TENTATIVE RESPECT BILLS SPORTS MEDIA WINNING CLEVELAND SUNDAY MUST DESERVE BILLS", "count1": 0, "count2": 0, "count3": 0, "count4": 1}, {"Name": "TruthGundlach", "Time": 20191104, "Text": "When the Boston Herald says the liberal senior Senator from Massachusetts has no chance of winning, it\u2019s worth noting.  That just happened.", "clean_text": "BOSTON HERALD LIBERAL SENIOR SENATOR MASSACHUSETTS CHANCE WINNING WORTH NOTING HAPPENED", "count1": 0, "count2": 0, "count3": 0, "count4": 1}]