["TOPICS", {"Name": "pmarca", "Time": 20190430, "Text": "RT @judegomila: 1/ My team and I at Golden have been working diligently for the last two years to map out 10bn+ fascinating topics in high\u2026", "clean_text": "@JUDEGOMILA TEAM GOLDEN DILIGENTLY MAP 10BN+ FASCINATING TOPICS HIGH", "count1": 1, "count2": 1, "count3": 0, "count4": 0}, {"Name": "pmarca", "Time": 20190430, "Text": "RT @judegomila: 2/ Golden\u2019s mission is to collect, organize and express 10+ billion topics in an accessible way, presented in neutrally-wri\u2026", "clean_text": "@JUDEGOMILA GOLDENS MISSION COLLECT ORGANIZE EXPRESS 10+ BILLION TOPICS ACCESSIBLE PRESENTED NEUTRALLYWRI", "count1": 0, "count2": 1, "count3": 0, "count4": 0}]