["@QUESTARAI", {"Name": "footnoted", "Time": 20190403, "Text": "Been wondering the same thing. Strange time for @questarAI to be quiet! https://t.co/BHrkAdERn8", "clean_text": "WONDERING STRANGE @QUESTARAI QUIET", "count1": 0, "count2": 0, "count3": 1, "count4": 0}, {"Name": "footnoted", "Time": 20190403, "Text": "@annagronewold @NYSEDNews @QuestarAI Seems like they should have thought about that before putting 8 year olds through this kind of stress!", "clean_text": "@ANNAGRONEWOLD @NYSEDNEWS @QUESTARAI PUTTING OLDS KIND STRESS", "count1": 0, "count2": 0, "count3": 1, "count4": 0}, {"Name": "footnoted", "Time": 20190402, "Text": "Totally unacceptable! Huge fail by @NYSEDNews and @QuestarAI https://t.co/sdRNjvvKPa", "clean_text": "TOTALLY UNACCEPTABLE HUGE FAIL @NYSEDNEWS @QUESTARAI", "count1": 0, "count2": 0, "count3": 1, "count4": 0}]