["MDXG", {"Name": "PresciencePoint", "Time": 20191126, "Text": "Today\u2019s developments mark another hugely positive step in $MDXG's recovery and confirm the key points of our Long thesis.", "clean_text": "TODAYS DEVELOPMENTS MARK HUGELY POSITIVE STEP MDXG RECOVERY CONFIRM POINTS LONG THESIS", "count1": 1, "count2": 0, "count3": 0, "count4": 0}, {"Name": "PresciencePoint", "Time": 20191126, "Text": "In our report, we concluded that $MDXG's wrongdoing was mostly limited to end-of-Q channel stuffing &amp; that the vast\u2026 https://t.co/aes7cSkOIN", "clean_text": "REPORT CONCLUDED MDXG WRONGDOING LIMITED ENDOFQ CHANNEL STUFFING AMP VAST", "count1": 1, "count2": 0, "count3": 0, "count4": 0}, {"Name": "PresciencePoint", "Time": 20191126, "Text": "This was confirmed by today\u2019s SEC complaint which revealed that \u201cat least 6% to 14%\u201d of $MDXG's reported revenue ea\u2026 https://t.co/tf7Nc3ATO8", "clean_text": "CONFIRMED TODAYS SEC COMPLAINT REVEALED 6% 14%\u201d MDXG REPORTED REVENUE EA", "count1": 1, "count2": 0, "count3": 0, "count4": 0}, {"Name": "PresciencePoint", "Time": 20191126, "Text": "This was confirmed by today\u2019s announcement that $MDXG had settled with the SEC for just $1.5m \u2013 the exact same amou\u2026 https://t.co/9vc3HKSiSC", "clean_text": "CONFIRMED TODAYS ANNOUNCEMENT MDXG SETTLED SEC 15M EXACT AMOU", "count1": 1, "count2": 0, "count3": 0, "count4": 0}, {"Name": "PresciencePoint", "Time": 20191126, "Text": "Finally, we applaud the SEC for their indictment of former $MDXG CEO Parker \u201cPete\u201d Petit and two other former execu\u2026 https://t.co/UKPZQINHnI", "clean_text": "APPLAUD SEC INDICTMENT FORMER MDXG CEO PARKER PETE\u201d PETIT FORMER EXECU", "count1": 1, "count2": 0, "count3": 0, "count4": 0}, {"Name": "AureliusValue", "Time": 20191126, "Text": "$MDXG Parker Petit INDICTED \n@AlderLaneeggs @MUNDASPORTS @DonutShorts https://t.co/VQdGnrQZzG", "clean_text": "MDXG PARKER PETIT INDICTED @ALDERLANEEGGS @MUNDASPORTS @DONUTSHORTS", "count1": 1, "count2": 0, "count3": 0, "count4": 1}, {"Name": "AureliusValue", "Time": 20191126, "Text": "RT @hibearnating: must have been some kind of materiality to what parker and bill were doing at $MDXG since the US gov, who rarely charges\u2026", "clean_text": "@HIBEARNATING MUST KIND MATERIALITY PARKER BILL MDXG GOV RARELY CHARGES", "count1": 1, "count2": 0, "count3": 0, "count4": 0}, {"Name": "AureliusValue", "Time": 20191126, "Text": "$MDXG parallel proceedings filed by SEC against Mimedx and former executives for orchestrating \"pervasive, long run\u2026 https://t.co/SD10xQlw17", "clean_text": "MDXG PARALLEL PROCEEDINGS FILED SEC AGAINST MIMEDX FORMER EXECUTIVES ORCHESTRATING PERVASIVE LONG", "count1": 1, "count2": 0, "count3": 0, "count4": 0}, {"Name": "AureliusValue", "Time": 20191126, "Text": "$MDXG Here is the link to the criminal indictments: \n\nhttps://t.co/mG99q31Agl https://t.co/tVMrGlvPMs", "clean_text": "MDXG CRIMINAL INDICTMENTS", "count1": 1, "count2": 0, "count3": 0, "count4": 0}, {"Name": "AureliusValue", "Time": 20191126, "Text": "$MDXG new revelations include Petit setting up a shell company to make a secret loan to a distributor through his c\u2026 https://t.co/EtUsx4gTly", "clean_text": "MDXG REVELATIONS INCLUDE PETIT SETTING SHELL COMPANY SECRET LOAN DISTRIBUTOR", "count1": 1, "count2": 0, "count3": 0, "count4": 0}, {"Name": "AureliusValue", "Time": 20191126, "Text": "$MDXG Old form 4s report stock held by Petit \"Cox Road\" entities that were subsequently transferred to his heirs.\u2026 https://t.co/Mm8e1XeTUT", "clean_text": "MDXG OLD FORM 4S REPORT STOCK HELD PETIT COX ROAD ENTITIES SUBSEQUENTLY TRANSFERRED HEIRS", "count1": 1, "count2": 0, "count3": 0, "count4": 0}]