["RECENT", {"Name": "GrantsPub", "Time": 20191215, "Text": "New Grant's Podcast Posted:  Each analyst identifies a notable recent event along with Jim's winter reading recomme\u2026 https://t.co/Kd29jbRiVy", "clean_text": "GRANT PODCAST POSTED ANALYST IDENTIFIES NOTABLE RECENT EVENT JIM WINTER RECOMME", "count1": 0, "count2": 0, "count3": 0, "count4": 1}, {"Name": "JohnHuber72", "Time": 20191207, "Text": "@rationalwalk If recent history is a guide, I doubt AAPL slows the pace of buybacks as the share price climbs. They\u2026 https://t.co/VukXwxZJZr", "clean_text": "@RATIONALWALK RECENT GUIDE DOUBT AAPL SLOWS PACE BUYBACKS SHARE PRICE CLIMBS", "count1": 0, "count2": 0, "count3": 0, "count4": 1}]