["RESEARCH", {"Name": "mjmauboussin", "Time": 20200222, "Text": "RT @bgurley: This type of interdisciplinary research is the founding principle of the Santa Fe Institute @sfiscience, where @mjmauboussin,\u2026", "clean_text": "INTERDISCIPLINARY RESEARCH FOUNDING PRINCIPLE SANTA FE INSTITUTE @SFISCIENCE @MJMAUBOUSSIN", "count1": 0, "count2": 0, "count3": 0, "count4": 1}, {"Name": "ActAccordingly", "Time": 20200220, "Text": "PAA Research Report: Z/ZG: Bob Seger and the Yield Curve \u2013 When the Cyclical Is Confused as the Secular https://t.co/mMBHXPL0lt", "clean_text": "PAA RESEARCH REPORT ZZG BOB SEGER CURVE CYCLICAL CONFUSED SECULAR", "count1": 0, "count2": 0, "count3": 0, "count4": 1}, {"Name": "ActAccordingly", "Time": 20200214, "Text": "PAA Research Report: TRUP: Don\u2019t Confuse What Management Says With What They Mean; The Questions That Should Have B\u2026 https://t.co/jF9bMauEdX", "clean_text": "PAA RESEARCH REPORT TRUP CONFUSE MANAGEMENT MEAN QUESTIONS", "count1": 0, "count2": 0, "count3": 0, "count4": 1}]