["CORP", {"Name": "ActAccordingly", "Time": 20200304, "Text": "$PRDO Todd Nelson who drove Apollo Group and Education Management Corp into the ground doing Todd Nelson things at\u2026 https://t.co/7wg99W3e1Z", "clean_text": "PRDO TODD NELSON DROVE APOLLO EDUCATION MANAGEMENT CORP GROUND TODD NELSON", "count1": 0, "count2": 1, "count3": 0, "count4": 0}, {"Name": "Find_Me_Value", "Time": 20200228, "Text": "Feb 2020 post: $CMCSA (Comcast Corp) 142 slides\n*members only*\n\nhttps://t.co/mqW1yDOgKq (members page) https://t.co/BDARFbnlvb", "clean_text": "FEB POST CMCSA COMCAST CORP SLIDES *MEMBERS ONLY* MEMBERS PAGE", "count1": 0, "count2": 1, "count3": 0, "count4": 0}]