["WELL", {"Name": "BergenCapital", "Time": 20200223, "Text": "RT @TheBondFreak: Well fuck! https://t.co/trUfmAxMe8", "clean_text": "@THEBONDFREAK WELL FUCK", "count1": 0, "count2": 1, "count3": 0, "count4": 0}, {"Name": "FCFYield", "Time": 20200221, "Text": "This will end well. 1/2 those trades are probably buys of PLUG, TSLA, SPCE, BYND, etc.. https://t.co/ayTqmJW7vY", "clean_text": "WELL TRADES BUYS PLUG TSLA SPCE BYND ETC", "count1": 0, "count2": 1, "count3": 0, "count4": 0}, {"Name": "mjmauboussin", "Time": 20200220, "Text": "The problem is that it's hard to win on purpose but it's actually hard to lose on purpose as well (all things being\u2026 https://t.co/gznxdDP1gq", "clean_text": "PROBLEM HARD PURPOSE HARD LOSE PURPOSE WELL", "count1": 0, "count2": 1, "count3": 0, "count4": 0}, {"Name": "AureliusValue", "Time": 20200215, "Text": "@opinion_joe Might as well call it the \"Parker Petit rule\":\n\n https://t.co/2F9m411YY8 https://t.co/wNGg6zU6hL", "clean_text": "@OPINION_JOE WELL PARKER PETIT RULE", "count1": 0, "count2": 1, "count3": 0, "count4": 0}, {"Name": "mjmauboussin", "Time": 20200213, "Text": "RT @Madelinemaub: \"...Mentally switching roles doesn\u2019t work nearly as well as we might think... Instead of imagining how other people are f\u2026", "clean_text": "@MADELINEMAUB MENTALLY SWITCHING ROLES DOESNT WELL IMAGINING", "count1": 0, "count2": 1, "count3": 0, "count4": 0}]