["WORKED", {"Name": "activiststocks", "Time": 20200229, "Text": "RT @drose007: When I worked at Amazon 1999-2006, Jeff Bezos\u2019 favorite interview question was \u201care you a lucky person?\u201d What a great way to\u2026", "clean_text": "@DROSE007 WORKED AMAZON JEFF BEZOS FAVORITE INTERVIEW LUCKY PERSON\u201d GREAT", "count1": 0, "count2": 0, "count3": 1, "count4": 0}, {"Name": "activiststocks", "Time": 20200220, "Text": "RT @ezraklein: \"I worked very hard for it\" is the worst possible justification for being a billionaire. You know who works very hard? Singl\u2026", "clean_text": "@EZRAKLEIN WORKED HARD WORST POSSIBLE JUSTIFICATION BILLIONAIRE WORKS HARD SINGL", "count1": 0, "count2": 0, "count3": 1, "count4": 0}]