["NOTABLE", {"Name": "John_Hempton", "Time": 20200522, "Text": "Nothing notable except this one is signed by Robin Williams. https://t.co/v9QVTga0xK", "clean_text": "NOTABLE EXCEPT SIGNED ROBIN WILLIAMS", "count1": 0, "count2": 0, "count3": 0, "count4": 1}, {"Name": "John_Hempton", "Time": 20200522, "Text": "RT @John_Hempton: Nothing notable except this one is signed by Robin Williams. https://t.co/v9QVTga0xK", "clean_text": "@JOHN_HEMPTON NOTABLE EXCEPT SIGNED ROBIN WILLIAMS", "count1": 0, "count2": 0, "count3": 0, "count4": 1}]