["@APPLESUPPORT", {"Name": "footnoted", "Time": 20200106, "Text": "I also ran into this yesterday. No warning, which is crazy! @AppleSupport should have warned users first. https://t.co/iz6JCFb7AU", "clean_text": "YESTERDAY WARNING CRAZY @APPLESUPPORT WARNED USERS", "count1": 0, "count2": 0, "count3": 0, "count4": 1}, {"Name": "footnoted", "Time": 20200106, "Text": "@WalkingInvestor @AppleSupport Yes. A warning that we\u2019d have to buy new software to get to our own files would have been nice!", "clean_text": "@WALKINGINVESTOR @APPLESUPPORT WARNING WED BUY SOFTWARE", "count1": 0, "count2": 0, "count3": 0, "count4": 1}, {"Name": "footnoted", "Time": 20200106, "Text": "@dnaumov @rationalwalk @AppleSupport In terms that non-technologists could understand? I know that I read SEC filin\u2026 https://t.co/Zh2NBEMSsM", "clean_text": "@DNAUMOV @RATIONALWALK @APPLESUPPORT TERMS NONTECHNOLOGISTS UNDERSTAND SEC FILIN", "count1": 0, "count2": 0, "count3": 0, "count4": 1}]