["GSX", {"Name": "muddywatersre", "Time": 20200519, "Text": "RT @GMTResearch: GSX Techedu $GSX is the 6th Asian company to be targeted by 3 short-sellers in the last 15 years. Does not bode well. http\u2026", "clean_text": "@GMTRESEARCH GSX TECHEDU GSX 6TH ASIAN COMPANY TARGETED SHORTSELLERS BODE WELL HTTP", "count1": 0, "count2": 2, "count3": 0, "count4": 1}, {"Name": "muddywatersre", "Time": 20200519, "Text": "MW has read the response by near-total fraud $GSX. Like all 7 of our fraud de-listings, GSX claims we \u201cdon\u2019t unders\u2026 https://t.co/n5YbrpUjzS", "clean_text": "MW RESPONSE NEARTOTAL FRAUD GSX FRAUD DELISTINGS GSX CLAIMS UNDERS", "count1": 0, "count2": 2, "count3": 0, "count4": 0}, {"Name": "muddywatersre", "Time": 20200519, "Text": "Chairman Chen, I admire what you did w/ $GSX just now upon my Tweet. Keep incinerating your lenders\u2019 money. The wal\u2026 https://t.co/2KdvlPaQ41", "clean_text": "CHAIRMAN CHEN ADMIRE GSX UPON TWEET INCINERATING LENDERS MONEY WAL", "count1": 0, "count2": 1, "count3": 0, "count4": 0}, {"Name": "muddywatersre", "Time": 20200518, "Text": "MW is short $GSX because it is a massive fraud \u2013 a Zero. GSX\u2019s own user data for 200 paid classes shows patterns in\u2026 https://t.co/000jRs6itY", "clean_text": "MW SHORT GSX MASSIVE FRAUD ZERO GSXS USER DATA PAID CLASSES PATTERNS", "count1": 0, "count2": 1, "count3": 0, "count4": 0}, {"Name": "muddywatersre", "Time": 20200518, "Text": "We suspect at least 80% of $GSX revenue is fake \u2013 quite possibly 90%+. We conclude the company loses significant mo\u2026 https://t.co/wIwTTVRIPb", "clean_text": "SUSPECT 80% GSX REVENUE FAKE POSSIBLY 90%+ CONCLUDE COMPANY LOSES SIGNIFICANT MO", "count1": 0, "count2": 1, "count3": 0, "count4": 1}, {"Name": "muddywatersre", "Time": 20200518, "Text": "Chairman Chen has pledged at least $318 million of $GSX shares. The lender is Credit Suisse, which was a significan\u2026 https://t.co/XDxA1EOz3L", "clean_text": "CHAIRMAN CHEN PLEDGED GSX SHARES LENDER CREDIT SUISSE SIGNIFICAN", "count1": 0, "count2": 1, "count3": 0, "count4": 0}, {"Name": "muddywatersre", "Time": 20200518, "Text": "I\u2019ll be on @PowerLunch today at ~2:30 pm EDT discussing the massive $GSX fraud.", "clean_text": "ILL @POWERLUNCH ~230 PM EDT DISCUSSING MASSIVE GSX FRAUD", "count1": 0, "count2": 1, "count3": 0, "count4": 0}, {"Name": "muddywatersre", "Time": 20200518, "Text": "RT @YahooFinance: Highlight: @muddywatersre Founder and CIO @carson_c_block on why he's shorting $GSX: \"Calling GSX a company is arguably a\u2026", "clean_text": "@YAHOOFINANCE HIGHLIGHT @MUDDYWATERSRE FOUNDER CIO @CARSON_C_BLOCK SHORTING GSX CALLING GSX COMPANY ARGUABLY", "count1": 0, "count2": 2, "count3": 0, "count4": 1}, {"Name": "CitronResearch", "Time": 20200514, "Text": "On $GSX selective cc this morning.  Someone must ask \"Has your firm already been contacted by the SEC, CSRC or SAMR\u2026 https://t.co/OcGbXsxe5g", "clean_text": "GSX SELECTIVE CC SOMEONE MUST FIRM ALREADY CONTACTED SEC CSRC SAMR", "count1": 0, "count2": 1, "count3": 0, "count4": 0}, {"Name": "CitronResearch", "Time": 20200513, "Text": "$GSX only large cap stock in 20 yrs that has allegedly grown rev over 350% a year and profitable during growth  No\u2026 https://t.co/KRaEYHoCsI", "clean_text": "GSX LARGE CAP STOCK YRS ALLEGEDLY GROWN REV 350% PROFITABLE GROWTH", "count1": 0, "count2": 1, "count3": 0, "count4": 0}, {"Name": "CitronResearch", "Time": 20200512, "Text": "Letter from White House acknowledling : China Stock Fraud - a first.  $GSX investigation can't be far behind. Low h\u2026 https://t.co/pxon1RMFQr", "clean_text": "LETTER HOUSE ACKNOWLEDLING STOCK FRAUD GSX INVESTIGATION LOW", "count1": 0, "count2": 1, "count3": 0, "count4": 0}, {"Name": "CitronResearch", "Time": 20200508, "Text": "Chinese media calling $GSX a fraud. Tencent News comparing listed education names EDU, TAL, GSX.  Story skeptical o\u2026 https://t.co/YFeIBAHslO", "clean_text": "CHINESE MEDIA CALLING GSX FRAUD TENCENT COMPARING EDUCATION EDU TAL GSX SKEPTICAL", "count1": 0, "count2": 2, "count3": 0, "count4": 0}, {"Name": "CitronResearch", "Time": 20200507, "Text": "$GSX fraud not even the Chinese mainstream media can defend.  They refer to them as \"scandal tainted\". Part 3 later\u2026 https://t.co/aWdq1wbjxJ", "clean_text": "GSX FRAUD CHINESE MAINSTREAM MEDIA DEFEND REFER SCANDAL TAINTED LATER", "count1": 0, "count2": 1, "count3": 0, "count4": 0}, {"Name": "CitronResearch", "Time": 20200507, "Text": "$GSX part 3 is up.  Multiple smoking guns about offloading of costs/liabilities.  The information we are getting fr\u2026 https://t.co/JLB6leOeVg", "clean_text": "GSX MULTIPLE SMOKING GUNS OFFLOADING COSTSLIABILITIES INFORMATION FR", "count1": 0, "count2": 1, "count3": 0, "count4": 0}, {"Name": "CitronResearch", "Time": 20200506, "Text": "$GSX fraud.  When you have locals in China writing fraud reports, you know it has to be bad https://t.co/TGUGWIjbqg\u2026 https://t.co/837Il4QgFE", "clean_text": "GSX FRAUD LOCALS WRITING FRAUD REPORTS BAD", "count1": 0, "count2": 1, "count3": 0, "count4": 0}]