["@ASWATHDAMODARAN", {"Name": "mjmauboussin", "Time": 20191230, "Text": "RT @AswathDamodaran: Big Market + Overconfident founders &amp; investors + Pricing game = Big Market Delusion. @bradfordcornell &amp; I have a pape\u2026", "clean_text": "@ASWATHDAMODARAN OVERCONFIDENT FOUNDERS AMP INVESTORS PRICING DELUSION @BRADFORDCORNELL AMP PAPE", "count1": 0, "count2": 0, "count3": 1, "count4": 0}, {"Name": "mjmauboussin", "Time": 20191219, "Text": "@AswathDamodaran is a treasure - a wonderful teacher who provides incredible access to his lessons and his work. https://t.co/s4D066MeOi", "clean_text": "@ASWATHDAMODARAN TREASURE WONDERFUL TEACHER PROVIDES INCREDIBLE ACCESS LESSONS", "count1": 0, "count2": 0, "count3": 1, "count4": 0}]