["INTERESTING", {"Name": "modestproposal1", "Time": 20200522, "Text": "Interesting interview with Simmons on the Ringer and Spotify https://t.co/9sBWFPi4Id", "clean_text": "INTERESTING INTERVIEW SIMMONS RINGER SPOTIFY", "count1": 0, "count2": 0, "count3": 1, "count4": 0}, {"Name": "RodBoydILM", "Time": 20200522, "Text": "late to this but it looks interesting: \nMike Bloomberg's Digital Ad agency floundering and iced out by Biden\" CC:\u2026 https://t.co/bTKXGIux4M", "clean_text": "LATE INTERESTING MIKE BLOOMBERG DIGITAL AGENCY FLOUNDERING ICED BIDEN CC", "count1": 0, "count2": 0, "count3": 1, "count4": 0}, {"Name": "LibertyRPF", "Time": 20200522, "Text": "@Roadmap2Retire I was trying to think about tools, rather than information, so Encarta idea is less interesting to\u2026 https://t.co/tppq5l4tJ8", "clean_text": "@ROADMAP2RETIRE TOOLS RATHER INFORMATION ENCARTA INTERESTING", "count1": 0, "count2": 0, "count3": 1, "count4": 0}, {"Name": "EventDrivenMgr", "Time": 20200522, "Text": "Interesting to hear Biden pitch rail and high speed rail during COVID. Public transport one of the biggest casualti\u2026 https://t.co/DuoJi9YO1O", "clean_text": "INTERESTING BIDEN PITCH RAIL HIGH SPEED RAIL COVID PUBLIC TRANSPORT BIGGEST CASUALTI", "count1": 0, "count2": 0, "count3": 1, "count4": 0}, {"Name": "modestproposal1", "Time": 20200521, "Text": "It\u2019s interesting investors will look through a down year caused by covid - it\u2019s only one year of earnings in a DCF\u201d\u2026 https://t.co/F4PLg5Zotj", "clean_text": "INTERESTING INVESTORS DOWN CAUSED COVID EARNINGS DCF\u201d", "count1": 0, "count2": 0, "count3": 1, "count4": 0}, {"Name": "modestproposal1", "Time": 20200521, "Text": "WSJ tick tock on March 16 is interesting. This part in particular shows the struggle of balancing well meaning capi\u2026 https://t.co/AuPtpDTl4j", "clean_text": "WSJ TICK TOCK MARCH INTERESTING PARTICULAR STRUGGLE BALANCING WELL MEANING CAPI", "count1": 0, "count2": 0, "count3": 1, "count4": 0}, {"Name": "bespokeinvest", "Time": 20200521, "Text": "RT @NateSilver538: This timing is interesting insofar as the US data started to look like it was getting a little better as of early May, a\u2026", "clean_text": "@NATESILVER538 TIMING INTERESTING INSOFAR DATA STARTED EARLY", "count1": 1, "count2": 0, "count3": 1, "count4": 0}, {"Name": "modestproposal1", "Time": 20200520, "Text": "in other OTA news, interesting to see Expedia bury Vrbo in a new segment called Retail. Wasn't that long ago that s\u2026 https://t.co/AT6Q0CFeR7", "clean_text": "OTA INTERESTING EXPEDIA BURY VRBO SEGMENT CALLED RETAIL WASNT LONG AGO", "count1": 0, "count2": 0, "count3": 1, "count4": 0}, {"Name": "modestproposal1", "Time": 20200520, "Text": "@_ram_ @GopiSubbaraj @benedictevans this was an interesting thread https://t.co/5NVVKEe0SY", "clean_text": "@_RAM_ @GOPISUBBARAJ @BENEDICTEVANS INTERESTING THREAD", "count1": 0, "count2": 0, "count3": 1, "count4": 0}, {"Name": "WallStCynic", "Time": 20200520, "Text": "Just ran some numbers on the corporate-owned gyms at $PLNT, with interesting implications for the franchisee gyms.\u2026 https://t.co/LIcrjoRNus", "clean_text": "NUMBERS CORPORATEOWNED GYMS PLNT INTERESTING IMPLICATIONS FRANCHISEE GYMS", "count1": 0, "count2": 0, "count3": 1, "count4": 0}, {"Name": "EventDrivenMgr", "Time": 20200520, "Text": "\u201cLevel 3 vehicles are able to drive from point A to point B based on certain road conditions.\u201d\n\nPretty interesting\u2026 https://t.co/P1lbSIIwiK", "clean_text": "LEVEL VEHICLES POINT POINT BASED CERTAIN ROAD CONDITIONS\u201d INTERESTING", "count1": 0, "count2": 0, "count3": 1, "count4": 0}, {"Name": "EventDrivenMgr", "Time": 20200520, "Text": "Interesting times for: \"stadium believed to hold a price tag in the neighborhood of $5 billion, by far the most exp\u2026 https://t.co/MqaxLr6VxL", "clean_text": "INTERESTING TIMES STADIUM BELIEVED HOLD PRICE TAG NEIGHBORHOOD BILLION EXP", "count1": 0, "count2": 0, "count3": 1, "count4": 0}, {"Name": "schaudenfraud", "Time": 20200519, "Text": "I'm bearish overall (and wrong?) but finding as many interesting longs as shorts", "clean_text": "BEARISH OVERALL WRONG FINDING INTERESTING LONGS SHORTS", "count1": 0, "count2": 0, "count3": 1, "count4": 0}, {"Name": "schaudenfraud", "Time": 20200519, "Text": "@glennchanWordpr I think all the components of IAC are interesting!", "clean_text": "@GLENNCHANWORDPR COMPONENTS IAC INTERESTING", "count1": 0, "count2": 0, "count3": 1, "count4": 0}, {"Name": "EventDrivenMgr", "Time": 20200519, "Text": "@JeffCNYC Looks like been carrying a 7% cost of borrow during halt. Will be interesting to see where that goes. Wil\u2026 https://t.co/CazeUslDHW", "clean_text": "@JEFFCNYC CARRYING 7% COST BORROW HALT INTERESTING WIL", "count1": 0, "count2": 0, "count3": 1, "count4": 0}, {"Name": "Jesse_Livermore", "Time": 20200518, "Text": "@youyanggu @nataliexdean interesting. what would your low-end estimate be for the seroprevalence needed for herd immunity?", "clean_text": "@YOUYANGGU @NATALIEXDEAN INTERESTING LOWEND ESTIMATE SEROPREVALENCE NEEDED HERD IMMUNITY", "count1": 0, "count2": 0, "count3": 1, "count4": 0}, {"Name": "WallStCynic", "Time": 20200515, "Text": "The number of obvious pro-Wirecard bots is an interesting side note to this bizarre story. $WDI GY https://t.co/vb86aVL7px", "clean_text": "NUMBER OBVIOUS PROWIRECARD BOTS INTERESTING SIDE NOTE BIZARRE WDI GY", "count1": 0, "count2": 0, "count3": 1, "count4": 0}, {"Name": "WallStCynic", "Time": 20200515, "Text": "@Danstringer74 @elonmusk @bethanymac12 Looks interesting. Will check it out. $ENE", "clean_text": "@DANSTRINGER74 @ELONMUSK @BETHANYMAC12 INTERESTING CHECK ENE", "count1": 0, "count2": 0, "count3": 1, "count4": 0}, {"Name": "DavidSchawel", "Time": 20200515, "Text": "Go back and read 3/31 tweets with the same level of interest as you do 13F\u2019s! Both are interesting but six weeks la\u2026 https://t.co/i4YRo99jsD", "clean_text": "LEVEL INTEREST 13FS INTERESTING SIX WEEKS LA", "count1": 0, "count2": 0, "count3": 1, "count4": 0}, {"Name": "DavidSchawel", "Time": 20200515, "Text": "@AdamBScott1979 Not really. Broad indices are 10-15% higher than that time. Interesting to see who was willing to buy what during March.", "clean_text": "@ADAMBSCOTT1979 BROAD INDICES 1015% HIGHER INTERESTING WILLING BUY MARCH", "count1": 0, "count2": 0, "count3": 1, "count4": 0}, {"Name": "probesreporter", "Time": 20200514, "Text": "Don't know how you'd design the study, but it would be interesting to see if/how Covid shutdown is impacting invest\u2026 https://t.co/udvlBuANK7", "clean_text": "YOUD DESIGN STUDY INTERESTING IFHOW COVID SHUTDOWN IMPACTING INVEST", "count1": 0, "count2": 0, "count3": 1, "count4": 0}, {"Name": "cablecarcapital", "Time": 20200514, "Text": "Interesting terms in section 3.3 of exhibit 4.35 to the $NIO 20-F: if it fails to make any of the NIO China install\u2026 https://t.co/W8IpS4ylTh", "clean_text": "INTERESTING TERMS SECTION EXHIBIT NIO 20F FAILS NIO INSTALL", "count1": 0, "count2": 0, "count3": 1, "count4": 0}, {"Name": "DavidSchawel", "Time": 20200514, "Text": "Recent $ICE conference call transcript was pretty interesting https://t.co/93nxY32tqS", "clean_text": "RECENT ICE CONFERENCE TRANSCRIPT INTERESTING", "count1": 0, "count2": 0, "count3": 1, "count4": 0}, {"Name": "schaudenfraud", "Time": 20200513, "Text": "@THValueCap @MoatsLikeKodak @modestproposal1 Tokio marine is interesting, I know they did a bunch of stupid stuff i\u2026 https://t.co/6FKs0fiyTR", "clean_text": "@THVALUECAP @MOATSLIKEKODAK @MODESTPROPOSAL1 TOKIO MARINE INTERESTING BUNCH STUPID STUFF", "count1": 0, "count2": 0, "count3": 1, "count4": 0}, {"Name": "marketfolly", "Time": 20200513, "Text": "/End. Interesting to hear Tepper\u2019s latest thoughts but what about his actions: he\u2019s 10-15% long the market right now.", "clean_text": "INTERESTING TEPPERS THOUGHTS ACTIONS 1015% LONG", "count1": 0, "count2": 0, "count3": 1, "count4": 0}, {"Name": "fundiescapital", "Time": 20200511, "Text": "@analogcap @FullySynergized Interesting. Thanks!", "clean_text": "@ANALOGCAP @FULLYSYNERGIZED INTERESTING", "count1": 0, "count2": 0, "count3": 1, "count4": 0}, {"Name": "JohnHuber72", "Time": 20200511, "Text": "Year old piece, but interesting given the times. Their conclusion: large firms aren't just bigger, but better; earn\u2026 https://t.co/s7jBnd6Pvc", "clean_text": "OLD PIECE INTERESTING GIVEN TIMES CONCLUSION LARGE FIRMS ARENT BIGGER EARN", "count1": 0, "count2": 0, "count3": 1, "count4": 0}, {"Name": "UnionSquareGrp", "Time": 20200510, "Text": "RT @michaelvkim: As an American currently in South Korea, it\u2019s very interesting to me the stark contrast of how different the two countries\u2026", "clean_text": "@MICHAELVKIM AMERICAN CURRENTLY SOUTH KOREA INTERESTING STARK CONTRAST COUNTRIES", "count1": 0, "count2": 0, "count3": 1, "count4": 0}, {"Name": "ShortSightedCap", "Time": 20200509, "Text": "@jay_21_ Kind of interesting to take the ~20% infected stat and compare it to the hospitalization / fatality rates\u2026 https://t.co/8YNuCmpMQV", "clean_text": "@JAY_21_ KIND INTERESTING ~20% INFECTED STAT COMPARE HOSPITALIZATION FATALITY RATES", "count1": 0, "count2": 0, "count3": 1, "count4": 0}, {"Name": "JohnHuber72", "Time": 20200509, "Text": "Another interesting point about 1907 is JP Morgan acted as the Fed (before the Fed existed) and saved the banking s\u2026 https://t.co/lMtZCwqf6y", "clean_text": "INTERESTING POINT JP MORGAN ACTED FED FED EXISTED SAVED BANKING", "count1": 0, "count2": 0, "count3": 1, "count4": 0}, {"Name": "JohnHuber72", "Time": 20200509, "Text": "This is one more interesting note. In late 1907, economists thought we were headed for a depression, with one firm\u2026 https://t.co/OyovLonkcl", "clean_text": "INTERESTING NOTE LATE ECONOMISTS HEADED DEPRESSION FIRM", "count1": 0, "count2": 0, "count3": 1, "count4": 0}, {"Name": "DavidSchawel", "Time": 20200509, "Text": "Interesting look at daily new positive COVID cases by region https://t.co/8xuUjPvOxj", "clean_text": "INTERESTING POSITIVE COVID REGION", "count1": 0, "count2": 0, "count3": 1, "count4": 0}]