["DATA", {"Name": "AlexRubalcava", "Time": 20200525, "Text": "RT @Placer_ai: With 21% YoY FT on (data) @BJsWholesale's rise is evidence of increased competition in the wholesale space.  Data Powered by\u2026", "clean_text": "@PLACER_AI 21% FT DATA @BJSWHOLESALE RISE EVIDENCE INCREASED COMPETITION WHOLESALE SPACE DATA POWERED", "count1": 2, "count2": 0, "count3": 0, "count4": 0}, {"Name": "BluegrassCap", "Time": 20200524, "Text": "Related drivers to unpack: customer not competitor focus; heightened cust intimacy via data, direct distr; ability+\u2026 https://t.co/uVCuz8BHsv", "clean_text": "RELATED DRIVERS UNPACK CUSTOMER COMPETITOR FOCUS HEIGHTENED CUST INTIMACY DATA DIRECT DISTR ABILITY+", "count1": 1, "count2": 0, "count3": 0, "count4": 0}, {"Name": "cablecarcapital", "Time": 20200523, "Text": "@17thStCap @TheBenSchmark No, I mean Redfin\u2019s internal usage data - does it predict housing prices or transactions\u2026 https://t.co/pVCQZCHAW0", "clean_text": "@17THSTCAP @THEBENSCHMARK MEAN REDFINS INTERNAL USAGE DATA PREDICT HOUSING PRICES TRANSACTIONS", "count1": 1, "count2": 0, "count3": 0, "count4": 0}, {"Name": "bespokeinvest", "Time": 20200521, "Text": "RT @NateSilver538: This timing is interesting insofar as the US data started to look like it was getting a little better as of early May, a\u2026", "clean_text": "@NATESILVER538 TIMING INTERESTING INSOFAR DATA STARTED EARLY", "count1": 1, "count2": 0, "count3": 0, "count4": 0}, {"Name": "ShortSightedCap", "Time": 20200521, "Text": "@valuedelay Not familiar with Complementics data. But JPM\u2019s internal card data also suggests a slow recovery:\u2026 https://t.co/ZjKFvSPUsQ", "clean_text": "@VALUEDELAY FAMILIAR COMPLEMENTICS DATA JPMS INTERNAL CARD DATA SUGGESTS SLOW RECOVERY", "count1": 2, "count2": 0, "count3": 0, "count4": 0}, {"Name": "John_Hempton", "Time": 20200521, "Text": "@BrianLaRoux @simonahac @AngusTaylorMP Bah - the data was far better from TomTom.", "clean_text": "@BRIANLAROUX @SIMONAHAC @ANGUSTAYLORMP BAH DATA TOMTOM", "count1": 1, "count2": 0, "count3": 0, "count4": 0}, {"Name": "Jesse_Livermore", "Time": 20200521, "Text": "RT @teasri: It seems to me that hedging for tail risk debate is really unresolvable with just data. We just dont have enough tail risk even\u2026", "clean_text": "@TEASRI HEDGING TAIL RISK DEBATE UNRESOLVABLE DATA TAIL RISK", "count1": 1, "count2": 0, "count3": 0, "count4": 0}, {"Name": "FatTailCapital", "Time": 20200521, "Text": "@firstadopter Yodlee cc data", "clean_text": "@FIRSTADOPTER YODLEE CC DATA", "count1": 1, "count2": 0, "count3": 0, "count4": 0}, {"Name": "AlexRubalcava", "Time": 20200521, "Text": "Here\u2019s a great piece in @barronsonline on foot traffic in malls, using data from @Placer_ai. \n\nhttps://t.co/NuM48yWJiB", "clean_text": "HERES GREAT PIECE @BARRONSONLINE FOOT TRAFFIC MALLS DATA @PLACER_AI", "count1": 1, "count2": 0, "count3": 0, "count4": 0}, {"Name": "AlexRubalcava", "Time": 20200521, "Text": "@barronsonline @Placer_ai Based on @Placer_ai data, the average mall\u2019s foot traffic is down 75% in early May, but t\u2026 https://t.co/eRTH7sWn22", "clean_text": "@BARRONSONLINE @PLACER_AI BASED @PLACER_AI DATA AVERAGE MALLS FOOT TRAFFIC DOWN 75% EARLY", "count1": 1, "count2": 0, "count3": 0, "count4": 0}, {"Name": "FatTailCapital", "Time": 20200520, "Text": "Unless it's more of a data play, since you have to give them access to scrape your email and hence all of your ecom\u2026 https://t.co/w85YwQTfja", "clean_text": "UNLESS DATA ACCESS SCRAPE EMAIL HENCE ECOM", "count1": 1, "count2": 0, "count3": 0, "count4": 0}, {"Name": "bespokeinvest", "Time": 20200519, "Text": "RT @87Spider: More data:  Important data\n\nCovid Patients Testing Positive After Recovery Aren\u2019t Infectious, Study Shows  https://t.co/TGKCA\u2026", "clean_text": "@87SPIDER DATA IMPORTANT DATA COVID PATIENTS TESTING POSITIVE RECOVERY ARENT INFECTIOUS STUDY", "count1": 2, "count2": 0, "count3": 0, "count4": 0}, {"Name": "ShortSightedCap", "Time": 20200519, "Text": "Given the early data from China, SK, Italy, etc. I would have expected a far more targeted response in the US. https://t.co/eLc6u5Jz2B", "clean_text": "GIVEN EARLY DATA SK ITALY ETC EXPECTED TARGETED RESPONSE", "count1": 1, "count2": 0, "count3": 0, "count4": 0}, {"Name": "FCFYield", "Time": 20200519, "Text": "RT @adamfeuerstein: Vaccine experts say $MRNA didn\u2019t produce data critical to assessing #Covid19 vaccine https://t.co/s5EtLzkL7Z @helenbran\u2026", "clean_text": "@ADAMFEUERSTEIN VACCINE EXPERTS MRNA PRODUCE DATA CRITICAL ASSESSING #COVID19 VACCINE @HELENBRAN", "count1": 1, "count2": 0, "count3": 0, "count4": 0}, {"Name": "EventDrivenMgr", "Time": 20200519, "Text": "@elonmusk I'm all for opening up in places where the data supports it, but this is not a good look... https://t.co/d9kLzme5XV", "clean_text": "@ELONMUSK OPENING PLACES DATA SUPPORTS GOOD", "count1": 1, "count2": 0, "count3": 0, "count4": 0}, {"Name": "EventDrivenMgr", "Time": 20200519, "Text": "OMG...\n\nVaccine experts say Moderna didn\u2019t produce data critical to assessing Covid-19 vaccine https://t.co/TJv2bymjFo via @statnews", "clean_text": "VACCINE EXPERTS MODERNA PRODUCE DATA CRITICAL ASSESSING COVID19 VACCINE @STATNEWS", "count1": 1, "count2": 0, "count3": 0, "count4": 0}, {"Name": "muddywatersre", "Time": 20200518, "Text": "MW is short $GSX because it is a massive fraud \u2013 a Zero. GSX\u2019s own user data for 200 paid classes shows patterns in\u2026 https://t.co/000jRs6itY", "clean_text": "MW SHORT GSX MASSIVE FRAUD ZERO GSXS USER DATA PAID CLASSES PATTERNS", "count1": 1, "count2": 0, "count3": 0, "count4": 0}, {"Name": "schaudenfraud", "Time": 20200517, "Text": "@Henryonstocks Apple mobility data\nhttps://t.co/OC5AOBuTy8", "clean_text": "@HENRYONSTOCKS APPLE MOBILITY DATA", "count1": 1, "count2": 0, "count3": 0, "count4": 0}, {"Name": "mjmauboussin", "Time": 20200517, "Text": "@RusslAndrewsHat Here\u2019s another example - with a lot more data and explicit ranges. https://t.co/i61KjmMeLL", "clean_text": "@RUSSLANDREWSHAT HERES LOT DATA EXPLICIT RANGES", "count1": 1, "count2": 0, "count3": 0, "count4": 0}, {"Name": "firstadopter", "Time": 20200516, "Text": "BofA internal card spend data for e-commerce: Jan. +13% y/y, Feb. +17% y/y, March +24% y/y, April +73% y/y. https://t.co/tqBPFxdr10", "clean_text": "BOFA INTERNAL CARD SPEND DATA ECOMMERCE JAN +13% FEB +17% MARCH +24% APRIL +73%", "count1": 1, "count2": 0, "count3": 0, "count4": 0}, {"Name": "firstadopter", "Time": 20200516, "Text": "Credit card spend data has stabilized and incrementally improved off mid April lows (less worse). BofA on the drive\u2026 https://t.co/fDGfFY8nc7", "clean_text": "CREDIT CARD SPEND DATA STABILIZED INCREMENTALLY IMPROVED MID APRIL LOWS WORSE BOFA", "count1": 1, "count2": 0, "count3": 0, "count4": 0}, {"Name": "RodBoydILM", "Time": 20200516, "Text": "Many reporters trip up on interpreting large, multi-variable data sets. \n\nMedical &amp; stats pro's do too; it's hard &amp;\u2026 https://t.co/vr4yUt80tA", "clean_text": "REPORTERS TRIP INTERPRETING LARGE MULTIVARIABLE DATA SETS MEDICAL AMP STATS PRO HARD AMP", "count1": 1, "count2": 2, "count3": 0, "count4": 0}, {"Name": "AlexRubalcava", "Time": 20200516, "Text": "RT @sling_shot_aero: Slingshot Earth is our collaborative, web-based mapping application that fuses together data from different sources so\u2026", "clean_text": "@SLING_SHOT_AERO SLINGSHOT EARTH COLLABORATIVE WEBBASED MAPPING APPLICATION FUSES TOGETHER DATA", "count1": 1, "count2": 0, "count3": 0, "count4": 0}, {"Name": "FatTailCapital", "Time": 20200515, "Text": "\"More data has been created in the last 2 years than in the entire previous history of humans.\"\n\nData in the first\u2026 https://t.co/uokvvm4Vto", "clean_text": "DATA CREATED ENTIRE PREVIOUS HUMANS DATA", "count1": 2, "count2": 0, "count3": 0, "count4": 0}, {"Name": "BluegrassCap", "Time": 20200514, "Text": "@investing_city contributory data model; sometimes its directly provided and directly monetized, other times its in\u2026 https://t.co/Ubd0rqYGVC", "clean_text": "@INVESTING_CITY CONTRIBUTORY DATA MODEL DIRECTLY PROVIDED DIRECTLY MONETIZED TIMES", "count1": 1, "count2": 0, "count3": 0, "count4": 0}, {"Name": "schaudenfraud", "Time": 20200513, "Text": "Update to the Foursquare data focusing on Georgia\nhttps://t.co/3crFIEPlKX https://t.co/yWCJVO3X7G", "clean_text": "UPDATE FOURSQUARE DATA FOCUSING GEORGIA", "count1": 1, "count2": 0, "count3": 0, "count4": 0}, {"Name": "schaudenfraud", "Time": 20200513, "Text": "Not sure if I should keep the updates in the thread, or save that for just the data sources. Anyways, digital ad re\u2026 https://t.co/h8O52UcJVE", "clean_text": "UPDATES THREAD SAVE DATA ANYWAYS DIGITAL RE", "count1": 1, "count2": 0, "count3": 0, "count4": 0}, {"Name": "schaudenfraud", "Time": 20200513, "Text": "@Greedzilla1 I honestly don't know, just passing along sites that are sharing real time data, that one perplexed me as well!", "clean_text": "@GREEDZILLA1 HONESTLY PASSING SITES SHARING DATA PERPLEXED WELL", "count1": 1, "count2": 0, "count3": 0, "count4": 0}, {"Name": "DavidSchawel", "Time": 20200513, "Text": "RT @ScottGottliebMD: National data from this past week suggest that the U.S. is starting to experience a sustained and sharper decline in n\u2026", "clean_text": "@SCOTTGOTTLIEBMD NATIONAL DATA PAST SUGGEST STARTING EXPERIENCE SUSTAINED SHARPER DECLINE", "count1": 1, "count2": 0, "count3": 0, "count4": 0}, {"Name": "probesreporter", "Time": 20200512, "Text": "BREAKING:  New data confirms the absence of recent SEC investigative activity at Wirecard.  This could easily chang\u2026 https://t.co/t4QPW8wQTY", "clean_text": "BREAKING DATA CONFIRMS ABSENCE RECENT SEC INVESTIGATIVE ACTIVITY WIRECARD EASILY CHANG", "count1": 1, "count2": 0, "count3": 0, "count4": 0}, {"Name": "muddywatersre", "Time": 20200512, "Text": "Our PRTA short opened our eyes to the wide and non-wonderful world of misleading presentation of biotech trial data\u2026 https://t.co/fCw6M4FKI7", "clean_text": "PRTA SHORT OPENED EYES WIDE NONWONDERFUL MISLEADING PRESENTATION BIOTECH TRIAL DATA", "count1": 1, "count2": 0, "count3": 0, "count4": 0}]