["@SPRUCEPOINTCAP", {"Name": "ActivistShorts", "Time": 20200206, "Text": "Interestingly, $DBX has just been zinged by activist short seller @sprucepointcap partly for sticking to its knitti\u2026 https://t.co/F24aEh2sX4", "clean_text": "INTERESTINGLY DBX ZINGED ACTIVIST SHORT SELLER @SPRUCEPOINTCAP PARTLY STICKING KNITTI", "count1": 0, "count2": 1, "count3": 0, "count4": 1}, {"Name": "ActivistShorts", "Time": 20200206, "Text": "RT @ActivistInsight: .@blueorcainvest, Emerson Analytics, @sprucepointcap, and @HindenburgRes took spots 5 through 2 in this year's Activis\u2026", "clean_text": "@ACTIVISTINSIGHT @BLUEORCAINVEST EMERSON ANALYTICS @SPRUCEPOINTCAP @HINDENBURGRES SPOTS ACTIVIS", "count1": 0, "count2": 1, "count3": 0, "count4": 0}]