["SURPRISINGLY", {"Name": "JohnHuber72", "Time": 20200414, "Text": "@nosunkcosts Surprisingly, a relatively small portion of the increase was revolver draws, but yeah that was part of\u2026 https://t.co/OHXnOpCqes", "clean_text": "@NOSUNKCOSTS SURPRISINGLY RELATIVELY SMALL PORTION INCREASE REVOLVER DRAWS", "count1": 0, "count2": 1, "count3": 0, "count4": 0}, {"Name": "herbgreenberg", "Time": 20200405, "Text": "@CramersShirt Exceedlingly and surprisingly well, thanks.", "clean_text": "@CRAMERSSHIRT EXCEEDLINGLY SURPRISINGLY WELL", "count1": 0, "count2": 1, "count3": 0, "count4": 0}]