["FAN", {"Name": "footnoted", "Time": 20200115, "Text": "Was trying to explain the @astros and @RedSox signal scandal to my 9 year-old @Dodgers fan last night and it didn\u2019t\u2026 https://t.co/6t1zoFQV42", "clean_text": "EXPLAIN @ASTROS @REDSOX SIGNAL SCANDAL YEAROLD @DODGERS FAN", "count1": 0, "count2": 0, "count3": 0, "count4": 1}, {"Name": "MicroFundy", "Time": 20200114, "Text": "I'm a Yankees fan, but who we kidding? The Yankees scored a COMBINED three runs in the four 2017 ALCS Astros home g\u2026 https://t.co/hVeSKvQnDt", "clean_text": "YANKEES FAN KIDDING YANKEES SCORED COMBINED THREE FOUR ALCS ASTROS HOME", "count1": 0, "count2": 0, "count3": 0, "count4": 1}]