["STOCK", {"Name": "sprucepointcap", "Time": 20200514, "Text": "@gordong14896269 @SEC_Enforcement Don't you think insider stock sale programs should be terminated after the compan\u2026 https://t.co/qMjww6Y1r0", "clean_text": "@GORDONG14896269 @SEC_ENFORCEMENT INSIDER STOCK SALE PROGRAMS TERMINATED COMPAN", "count1": 0, "count2": 0, "count3": 1, "count4": 0}, {"Name": "schaudenfraud", "Time": 20200514, "Text": "RT @MidwestHedgie: Battleground stock wars are good and easy to win.", "clean_text": "@MIDWESTHEDGIE BATTLEGROUND STOCK WARS GOOD", "count1": 0, "count2": 0, "count3": 1, "count4": 0}, {"Name": "muddywatersre", "Time": 20200514, "Text": "@GerberKawasaki What a wonderful time to be alive - when being long a particular stock determines one\u2019s view of pub\u2026 https://t.co/hWsON7662v", "clean_text": "@GERBERKAWASAKI WONDERFUL ALIVE LONG PARTICULAR STOCK DETERMINES VIEW PUB", "count1": 0, "count2": 0, "count3": 1, "count4": 0}, {"Name": "WallStCynic", "Time": 20200514, "Text": "Trump Feared Testing Too Many Would Spook Markets | Stock market-driven policy choices.  https://t.co/WF96bCrbJc", "clean_text": "TRUMP FEARED TESTING SPOOK STOCK MARKETDRIVEN POLICY CHOICES", "count1": 0, "count2": 0, "count3": 1, "count4": 0}, {"Name": "CitronResearch", "Time": 20200513, "Text": "$GSX only large cap stock in 20 yrs that has allegedly grown rev over 350% a year and profitable during growth  No\u2026 https://t.co/KRaEYHoCsI", "clean_text": "GSX LARGE CAP STOCK YRS ALLEGEDLY GROWN REV 350% PROFITABLE GROWTH", "count1": 0, "count2": 0, "count3": 1, "count4": 0}, {"Name": "EdBorgato", "Time": 20200512, "Text": "This is like the sell side raising a price target because the stock keeps moving higher. No one knows where it tops\u2026 https://t.co/wsH2Wv0Bhg", "clean_text": "SELL SIDE RAISING PRICE TARGET STOCK KEEPS MOVING HIGHER TOPS", "count1": 0, "count2": 0, "count3": 1, "count4": 0}, {"Name": "CitronResearch", "Time": 20200512, "Text": "Letter from White House acknowledling : China Stock Fraud - a first.  $GSX investigation can't be far behind. Low h\u2026 https://t.co/pxon1RMFQr", "clean_text": "LETTER HOUSE ACKNOWLEDLING STOCK FRAUD GSX INVESTIGATION LOW", "count1": 0, "count2": 0, "count3": 1, "count4": 0}, {"Name": "CitronResearch", "Time": 20200512, "Text": "$PTON stock is higher but trends are lower.  This is not from Citron.  This is App Annie- gold standard of reportin\u2026 https://t.co/cTWtWxs75l", "clean_text": "PTON STOCK HIGHER TRENDS LOWER CITRON APP ANNIE GOLD STANDARD REPORTIN", "count1": 0, "count2": 0, "count3": 1, "count4": 0}, {"Name": "muddywatersre", "Time": 20200510, "Text": "@EpsilonTheory Finally, why do you put any stock in how big the CN govt says its economy is? If the US government s\u2026 https://t.co/cR6lp9C4Pp", "clean_text": "@EPSILONTHEORY STOCK CN GOVT ECONOMY", "count1": 0, "count2": 0, "count3": 1, "count4": 0}, {"Name": "Hedge_FundGirl", "Time": 20200510, "Text": "@compound100x Growing up rich with family stock contest helps. But there are more women graduating med school than\u2026 https://t.co/Dfa8kUF3u5", "clean_text": "@COMPOUND100X RICH FAMILY STOCK CONTEST GRADUATING MED SCHOOL", "count1": 0, "count2": 0, "count3": 1, "count4": 0}, {"Name": "JohnHuber72", "Time": 20200509, "Text": "The author of the piece I linked to above was perplexed about the stock market's recovery, just as we are today (my\u2026 https://t.co/hl0hGZBAnE", "clean_text": "AUTHOR PIECE LINKED PERPLEXED STOCK RECOVERY", "count1": 0, "count2": 0, "count3": 1, "count4": 0}, {"Name": "herbgreenberg", "Time": 20200507, "Text": "Company: \u201cWe have no idea how this will play out. Zero visibility. We are withdrawing guidance.\u201d\n\nStock: Up.", "clean_text": "COMPANY ZERO VISIBILITY WITHDRAWING GUIDANCE\u201d STOCK", "count1": 1, "count2": 0, "count3": 1, "count4": 0}, {"Name": "fundiescapital", "Time": 20200506, "Text": "and, he just said stock comp was non-recurring.  \ud83e\udd23\ud83e\udd23 https://t.co/2UN42z9M4S", "clean_text": "STOCK COMP NONRECURRING", "count1": 0, "count2": 0, "count3": 1, "count4": 0}, {"Name": "mjmauboussin", "Time": 20200504, "Text": "This paper, \"Stock Compensation Expense, Cash Flows, and Inflated Valuations\" does a good job of explaining how to\u2026 https://t.co/DZvrAKQVxM", "clean_text": "STOCK COMPENSATION EXPENSE CASH FLOWS INFLATED VALUATIONS GOOD JOB EXPLAINING", "count1": 0, "count2": 0, "count3": 1, "count4": 0}, {"Name": "cablecarcapital", "Time": 20200504, "Text": "@thayereric1 It's a paid promotional video. How does it explain why the CEO is selling stock?", "clean_text": "@THAYERERIC1 PAID PROMOTIONAL VIDEO EXPLAIN CEO SELLING STOCK", "count1": 0, "count2": 0, "count3": 1, "count4": 0}, {"Name": "Jesse_Livermore", "Time": 20200504, "Text": "RT @michaelbatnick: \u201cOur stock price is too high IMO\u201d\n\n-Jerry Reinsdorf, 1998", "clean_text": "@MICHAELBATNICK STOCK PRICE HIGH IMO\u201d JERRY REINSDORF", "count1": 0, "count2": 0, "count3": 1, "count4": 0}, {"Name": "BluegrassCap", "Time": 20200504, "Text": "@RyanKruegerROI interesting framework; what else have you learned from your ongoing \"Stock Tournament for potential Moat Stretchers\" ?", "clean_text": "@RYANKRUEGERROI INTERESTING FRAMEWORK LEARNED ONGOING STOCK TOURNAMENT POTENTIAL MOAT STRETCHERS", "count1": 0, "count2": 0, "count3": 1, "count4": 0}, {"Name": "manualofideas", "Time": 20200503, "Text": "RT @ChrisBloomstran: Hi Alex, So refreshing to hear about returns on INCREMENTAL capital. Abel has the capital stock to do it, and much of\u2026", "clean_text": "@CHRISBLOOMSTRAN ALEX REFRESHING RETURNS INCREMENTAL CAPITAL ABEL CAPITAL STOCK", "count1": 0, "count2": 0, "count3": 1, "count4": 0}, {"Name": "Jesse_Livermore", "Time": 20200503, "Text": "RT @Fxhedgers: WASHINGTON (AP) \u2014 U.S. officials believe China covered up the extent of the coronavirus outbreak to stock up on medical supp\u2026", "clean_text": "@FXHEDGERS WASHINGTON AP OFFICIALS BELIEVE COVERED EXTENT CORONAVIRUS OUTBREAK STOCK MEDICAL SUPP", "count1": 0, "count2": 0, "count3": 1, "count4": 0}, {"Name": "EdBorgato", "Time": 20200503, "Text": "@_Enoch_Root_ I share people's opposition to CEO's who destroy value by juicing the stock. Poor capital allocation\u2026 https://t.co/Cmr8F0awsy", "clean_text": "@_ENOCH_ROOT_ SHARE OPPOSITION CEO DESTROY VALUE JUICING STOCK POOR CAPITAL ALLOCATION", "count1": 0, "count2": 0, "count3": 1, "count4": 0}, {"Name": "sprucepointcap", "Time": 20200502, "Text": "$FSCT Forescout insider dumps stock at a discount to the deal price, after our public criticism, and while in a qui\u2026 https://t.co/xtvX0CTFQE", "clean_text": "FSCT FORESCOUT INSIDER DUMPS STOCK DISCOUNT DEAL PRICE PUBLIC CRITICISM QUI", "count1": 0, "count2": 1, "count3": 1, "count4": 0}, {"Name": "marketfolly", "Time": 20200502, "Text": "Buffett net sold $6.5 bn of securities in April. \u201cNot because we thought the stock market was going to go down \u2026 I\u2026 https://t.co/gcG30Msi5H", "clean_text": "BUFFETT NET SOLD BN SECURITIES APRIL STOCK DOWN", "count1": 0, "count2": 0, "count3": 1, "count4": 0}, {"Name": "manualofideas", "Time": 20200502, "Text": "RT @cablecarcapital: Wow...the CEO of $CYDY filed a paper form 144 to dump $17 million of restricted stock yesterday, the same day he put o\u2026", "clean_text": "@CABLECARCAPITAL WOWTHE CEO CYDY FILED FORM DUMP RESTRICTED STOCK YESTERDAY", "count1": 0, "count2": 0, "count3": 1, "count4": 0}, {"Name": "fundiescapital", "Time": 20200502, "Text": "Narrator: He\u2019s been spending the last 60 months relentlessly pumping the stock through fake buyouts, vaporware and\u2026 https://t.co/GHoOpYmclh", "clean_text": "NARRATOR SPENDING RELENTLESSLY PUMPING STOCK FAKE BUYOUTS VAPORWARE", "count1": 0, "count2": 0, "count3": 1, "count4": 0}, {"Name": "cablecarcapital", "Time": 20200502, "Text": "@360Timothee Totally incoherent. What does the company\u2019s purchase obligation to Samsung have to do with the CEO selling stock?", "clean_text": "@360TIMOTHEE TOTALLY INCOHERENT COMPANYS PURCHASE OBLIGATION SAMSUNG CEO SELLING STOCK", "count1": 0, "count2": 0, "count3": 1, "count4": 0}, {"Name": "BluegrassCap", "Time": 20200502, "Text": "@RotoFuzbol the stock price catching up to the business value", "clean_text": "@ROTOFUZBOL STOCK PRICE CATCHING BUSINESS VALUE", "count1": 0, "count2": 0, "count3": 1, "count4": 0}, {"Name": "herbgreenberg", "Time": 20200501, "Text": "Observation from an industry journalist re $QSR, who has no bias on the stock and no worries about whether manageme\u2026 https://t.co/thdxuMVydx", "clean_text": "OBSERVATION INDUSTRY JOURNALIST RE QSR BIAS STOCK WORRIES WHETHER MANAGEME", "count1": 0, "count2": 0, "count3": 1, "count4": 0}, {"Name": "cablecarcapital", "Time": 20200501, "Text": "Wow...the CEO of $CYDY filed a paper form 144 to dump $17 million of restricted stock yesterday, the same day he pu\u2026 https://t.co/DpXgSMyeNY", "clean_text": "WOWTHE CEO CYDY FILED FORM DUMP RESTRICTED STOCK YESTERDAY PU", "count1": 0, "count2": 0, "count3": 1, "count4": 0}, {"Name": "UnionSquareGrp", "Time": 20200501, "Text": "RT @MatthewLennig: If stock buybacks are sinful, are secondary stock offerings virtuous?", "clean_text": "@MATTHEWLENNIG STOCK BUYBACKS SINFUL SECONDARY STOCK OFFERINGS VIRTUOUS", "count1": 0, "count2": 0, "count3": 2, "count4": 0}, {"Name": "Jesse_Livermore", "Time": 20200501, "Text": "RT @MatthewLennig: If stock buybacks are sinful, are secondary stock offerings virtuous?", "clean_text": "@MATTHEWLENNIG STOCK BUYBACKS SINFUL SECONDARY STOCK OFFERINGS VIRTUOUS", "count1": 0, "count2": 0, "count3": 2, "count4": 0}, {"Name": "FatTailCapital", "Time": 20200501, "Text": "@MasaSonCap That $100M payday in stock could've been worth $10M today", "clean_text": "@MASASONCAP 100M PAYDAY STOCK COULDVE WORTH 10M", "count1": 0, "count2": 0, "count3": 1, "count4": 0}, {"Name": "sprucepointcap", "Time": 20200430, "Text": "Last time $FSCT surprised investors with a pre-announce guidance revision in Q3 2019, the stock imploded 37%. From\u2026 https://t.co/I66YLhaEn7", "clean_text": "FSCT SURPRISED INVESTORS PREANNOUNCE GUIDANCE REVISION Q3 STOCK IMPLODED 37%", "count1": 0, "count2": 1, "count3": 1, "count4": 0}]