["SURPRISINGLY", {"Name": "matt_levine", "Time": 20200424, "Text": "@DirkDiggler917 perhaps surprisingly, zero", "clean_text": "@DIRKDIGGLER917 SURPRISINGLY ZERO", "count1": 1, "count2": 0, "count3": 0, "count4": 0}, {"Name": "JohnHuber72", "Time": 20200414, "Text": "@nosunkcosts Surprisingly, a relatively small portion of the increase was revolver draws, but yeah that was part of\u2026 https://t.co/OHXnOpCqes", "clean_text": "@NOSUNKCOSTS SURPRISINGLY RELATIVELY SMALL PORTION INCREASE REVOLVER DRAWS", "count1": 1, "count2": 0, "count3": 0, "count4": 0}]