["CEOS", {"Name": "xuexishenghuo", "Time": 20200118, "Text": "Didn\u2019t this happen at $BBY several CEOs ago? https://t.co/0ofA1cTqyZ", "clean_text": "HAPPEN BBY SEVERAL CEOS AGO", "count1": 1, "count2": 0, "count3": 0, "count4": 0}, {"Name": "footnoted", "Time": 20200110, "Text": "$BA paid a visit to the #fridaynightdump, detailing severance and compensation for new/old CEOs. https://t.co/yMs7RX1NCv", "clean_text": "PAID VISIT #FRIDAYNIGHTDUMP DETAILING SEVERANCE COMPENSATION NEWOLD CEOS", "count1": 1, "count2": 0, "count3": 0, "count4": 0}]