["CREATIVE", {"Name": "mjmauboussin", "Time": 20200321, "Text": "RT @PTetlock: Creative force here is a brilliant statistician, Ville Satopaa, who developed the BIN model for decomposing the variance &amp; is\u2026", "clean_text": "@PTETLOCK CREATIVE FORCE BRILLIANT STATISTICIAN VILLE SATOPAA DEVELOPED BIN MODEL DECOMPOSING VARIANCE AMP", "count1": 0, "count2": 0, "count3": 0, "count4": 1}, {"Name": "AureliusValue", "Time": 20200309, "Text": "RT @jemimajoanna: On Friday I wrote about China's Canaan Creative (the first crypto stock to be listed on the Nasdaq) (here https://t.co/FU\u2026", "clean_text": "@JEMIMAJOANNA FRIDAY WROTE CANAAN CREATIVE CRYPTO STOCK NASDAQ", "count1": 0, "count2": 0, "count3": 0, "count4": 1}]