["OIL", {"Name": "UnionSquareGrp", "Time": 20200504, "Text": "RT @JordanFife1: A friend sent me this picture Halliburton yard in Duncanville Oklahoma, these are oil fracking trucks.... they have been i\u2026", "clean_text": "@JORDANFIFE1 FRIEND SENT HALLIBURTON YARD DUNCANVILLE OKLAHOMA OIL FRACKING TRUCKS", "count1": 0, "count2": 1, "count3": 0, "count4": 0}, {"Name": "AlexRubalcava", "Time": 20200503, "Text": "Someone just asked Buffett if you can lose all your money in oil stonks if oil goes down! https://t.co/KrhBKdO8cw", "clean_text": "SOMEONE BUFFETT LOSE MONEY OIL STONKS OIL DOWN", "count1": 0, "count2": 2, "count3": 0, "count4": 0}, {"Name": "matt_levine", "Time": 20200422, "Text": "@mattwwaters well if you have a $30 guarantee and it costs you $25 to pump oil ($5 profit) you\u2019d rather (1) not pum\u2026 https://t.co/BLr7XR31Om", "clean_text": "@MATTWWATERS WELL GUARANTEE COSTS PUMP OIL PROFIT YOUD RATHER PUM", "count1": 0, "count2": 1, "count3": 0, "count4": 0}, {"Name": "matt_levine", "Time": 20200422, "Text": "@ejenk this is different from physically settled oil contracts; it costs me money to take and store the oil. but th\u2026 https://t.co/hdvdrkaEyt", "clean_text": "PHYSICALLY SETTLED OIL CONTRACTS COSTS MONEY STORE OIL", "count1": 0, "count2": 2, "count3": 0, "count4": 0}, {"Name": "matt_levine", "Time": 20200422, "Text": "@ejenk no my point remains that there is no reason for it to trade at a negative value, unlike physical oil futures\u2026 https://t.co/gidSHWlfld", "clean_text": "POINT REMAINS TRADE NEGATIVE VALUE UNLIKE PHYSICAL OIL FUTURES", "count1": 0, "count2": 1, "count3": 0, "count4": 0}, {"Name": "probesreporter", "Time": 20200421, "Text": "RT @JohnPGavin: Oil.  An asset of global importance and historical significance.  A critical, vital asset.  That's oil.\n\nJunk bonds.  A non\u2026", "clean_text": "OIL ASSET GLOBAL IMPORTANCE HISTORICAL SIGNIFICANCE CRITICAL VITAL ASSET OIL JUNK BONDS NON", "count1": 0, "count2": 2, "count3": 0, "count4": 0}, {"Name": "herbgreenberg", "Time": 20200421, "Text": "RT @BobPisani: With oil in turmoil, here's the joke of the day from my old friend Art Cashin at $UBS, who cites Justine Paterno via Tom McC\u2026", "clean_text": "@BOBPISANI OIL TURMOIL JOKE OLD FRIEND ART CASHIN UBS CITES JUSTINE PATERNO TOM MCC", "count1": 0, "count2": 1, "count3": 0, "count4": 0}, {"Name": "cablecarcapital", "Time": 20200421, "Text": "@MidwestHedgie That sounds right; some of the leveraged oil funds rebalance at 2:30 ET and don\u2019t publish accurate u\u2026 https://t.co/f1F31JHB3T", "clean_text": "@MIDWESTHEDGIE SOUNDS LEVERAGED OIL FUNDS REBALANCE ET PUBLISH ACCURATE", "count1": 0, "count2": 1, "count3": 0, "count4": 0}, {"Name": "cablecarcapital", "Time": 20200421, "Text": "@MidwestHedgie @KidDynamiteBlog $OIL tracks an S&amp;P index that doesn\u2019t have to buy the underlying futures, though th\u2026 https://t.co/rbSWV1Zs8H", "clean_text": "@MIDWESTHEDGIE @KIDDYNAMITEBLOG OIL TRACKS SAMPP INDEX DOESNT BUY UNDERLYING FUTURES", "count1": 0, "count2": 1, "count3": 0, "count4": 0}, {"Name": "FatTailCapital", "Time": 20200421, "Text": "@BarbarianCap Did they forward hedge what they thought their jet fuel demand at $30-50/bbl oil but now they're not\u2026 https://t.co/BnYrLnx6eM", "clean_text": "@BARBARIANCAP FORWARD HEDGE JET FUEL DEMAND 3050BBL OIL", "count1": 0, "count2": 1, "count3": 0, "count4": 0}, {"Name": "BergenCapital", "Time": 20200421, "Text": "RT @BoogieCrypto: Los Angeles Skatepark is now filled with oil https://t.co/7LfhsW7zuH", "clean_text": "@BOOGIECRYPTO LOS ANGELES SKATEPARK FILLED OIL", "count1": 0, "count2": 1, "count3": 0, "count4": 0}, {"Name": "probesreporter", "Time": 20200420, "Text": "RT @JohnPGavin: If Sarah Palin never made \"Drill, baby, drill\" a rallying cry, we wouldn't be where we are now with oil prices.  \n\nSee?  Wo\u2026", "clean_text": "SARAH PALIN DRILL BABY DRILL RALLYING CRY OIL PRICES", "count1": 0, "count2": 1, "count3": 0, "count4": 0}, {"Name": "probesreporter", "Time": 20200420, "Text": "RT @JohnPGavin: Oil, an asset that wars have won, lost, and fought over, went through moments where no one wanted it at any price.\n\nSaid it\u2026", "clean_text": "OIL ASSET WARS WON LOST FOUGHT MOMENTS PRICE", "count1": 0, "count2": 1, "count3": 0, "count4": 0}, {"Name": "marginalidea", "Time": 20200420, "Text": "I hope oil at negative prices leads to some cool schemes we\u2019ll get to hear about later", "clean_text": "HOPE OIL NEGATIVE PRICES LEADS COOL SCHEMES WELL LATER", "count1": 0, "count2": 1, "count3": 0, "count4": 0}, {"Name": "herbgreenberg", "Time": 20200420, "Text": "RT @RonnieMoas: $11 for a (42 gallons) barrel of oil? How much does an EMPTY barrel cost? ... $12?", "clean_text": "@RONNIEMOAS GALLONS BARREL OIL EMPTY BARREL COST", "count1": 0, "count2": 1, "count3": 0, "count4": 0}, {"Name": "herbgreenberg", "Time": 20200420, "Text": "RT @jimaley: barrel: $100\nbarrel with oil: $65 https://t.co/4i3pL9D6hr", "clean_text": "@JIMALEY BARREL BARREL OIL", "count1": 0, "count2": 1, "count3": 0, "count4": 0}, {"Name": "adoxen", "Time": 20200420, "Text": "RT @MilwaukeeBonds: Never thought a barrel of oil could turn out to be a worse investment than Venezuelan bonds, but here we are...", "clean_text": "@MILWAUKEEBONDS BARREL OIL TURN WORSE INVESTMENT VENEZUELAN BONDS", "count1": 0, "count2": 1, "count3": 0, "count4": 0}, {"Name": "GrantsPub", "Time": 20200420, "Text": "Oil is not the only thing on sale today. \n\nhttps://t.co/lETNMHzYip", "clean_text": "OIL SALE", "count1": 0, "count2": 1, "count3": 0, "count4": 0}, {"Name": "FatTailCapital", "Time": 20200420, "Text": "RT @Fidelio1015: Permian is now a gas basin with associated oil. https://t.co/h8OmfWQu0t", "clean_text": "@FIDELIO1015 PERMIAN GAS BASIN ASSOCIATED OIL", "count1": 0, "count2": 1, "count3": 0, "count4": 0}, {"Name": "FCFYield", "Time": 20200420, "Text": "At these oil prices I'm not even going to bother to turn my car off anymore", "clean_text": "OIL PRICES BOTHER TURN CAR ANYMORE", "count1": 0, "count2": 1, "count3": 0, "count4": 0}, {"Name": "EdBorgato", "Time": 20200420, "Text": "Producers look stuck for a long time, but the rest of us... ultimately, we're all short oil.", "clean_text": "PRODUCERS STUCK LONG REST ULTIMATELY SHORT OIL", "count1": 0, "count2": 1, "count3": 0, "count4": 0}, {"Name": "EdBorgato", "Time": 20200420, "Text": "@WeNeedJohnGalt Every consumer; every business is short. Oil is an input cost in manufacturing and transporting lit\u2026 https://t.co/m09CDIRkZD", "clean_text": "@WENEEDJOHNGALT CONSUMER BUSINESS SHORT OIL INPUT COST MANUFACTURING TRANSPORTING LIT", "count1": 0, "count2": 1, "count3": 0, "count4": 0}, {"Name": "EdBorgato", "Time": 20200420, "Text": "@GIO3969 Every product, through manufacturing or transportation, has the price of oil in its cost. We're all forced\u2026 https://t.co/SChE0DoTkc", "clean_text": "@GIO3969 PRODUCT MANUFACTURING TRANSPORTATION PRICE OIL COST FORCED", "count1": 0, "count2": 1, "count3": 0, "count4": 0}, {"Name": "BergenCapital", "Time": 20200420, "Text": "RT @thestinkmarket: If oil closes at $4.20 tomorrow on 4/20/2020 I will literally smoke 15 swisher sweet blunts and live stream it.", "clean_text": "@THESTINKMARKET OIL CLOSES TOMORROW LITERALLY SMOKE SWISHER SWEET BLUNTS STREAM", "count1": 0, "count2": 1, "count3": 0, "count4": 0}, {"Name": "BergenCapital", "Time": 20200420, "Text": "RT @dougboneparth: I\u2019m switching from coffee to oil.", "clean_text": "@DOUGBONEPARTH SWITCHING COFFEE OIL", "count1": 0, "count2": 1, "count3": 0, "count4": 0}, {"Name": "BergenCapital", "Time": 20200420, "Text": "RT @vexmark: waiting to see how many teens are getting hospitalized today after doing the viral tiktok crude oil drinking challenge", "clean_text": "@VEXMARK WAITING TEENS HOSPITALIZED VIRAL TIKTOK CRUDE OIL DRINKING CHALLENGE", "count1": 0, "count2": 1, "count3": 0, "count4": 0}]