["COMPANY", {"Name": "sprucepointcap", "Time": 20200513, "Text": "Anyone read the fine print other than $FSCT lawyers and Spruce Point? Why in the 11th hour is the Company EXPANDING\u2026 https://t.co/3crzO0LhY0", "clean_text": "PRINT FSCT LAWYERS SPRUCE POINT 11TH COMPANY EXPANDING", "count1": 1, "count2": 1, "count3": 0, "count4": 0}, {"Name": "Jesse_Livermore", "Time": 20200513, "Text": "@raisemydesk @realwillmeade Agreed, &amp; I'm not denying company is a mess. Just saying rumor seems off. They were IG\u2026 https://t.co/CdBgnm9e9B", "clean_text": "@RAISEMYDESK @REALWILLMEADE AGREED AMP DENYING COMPANY MESS SAYING RUMOR IG", "count1": 1, "count2": 0, "count3": 0, "count4": 0}, {"Name": "fundiescapital", "Time": 20200512, "Text": "Shelter-In-Place for 3 more months in L.A. is a good thing for a car company that gets 30% of its US sales from California, right?", "clean_text": "SHELTERINPLACE LA GOOD CAR COMPANY 30% SALES CALIFORNIA", "count1": 1, "count2": 0, "count3": 0, "count4": 0}, {"Name": "DavidSchawel", "Time": 20200512, "Text": "Rule of 2020: if your company is growing top line at 30%+ you get a no questions asked 15x multiple expansion", "clean_text": "RULE COMPANY LINE 30%+ QUESTIONS 15X MULTIPLE EXPANSION", "count1": 1, "count2": 0, "count3": 0, "count4": 0}, {"Name": "BluegrassCap", "Time": 20200512, "Text": "@Shurjosema @GavinSBaker in this context, mix of direct traffic to company website vs traffic arising from organic\u2026 https://t.co/aDJofqNtFd", "clean_text": "@SHURJOSEMA @GAVINSBAKER CONTEXT MIX DIRECT TRAFFIC COMPANY TRAFFIC ARISING ORGANIC", "count1": 1, "count2": 0, "count3": 0, "count4": 0}, {"Name": "probesreporter", "Time": 20200511, "Text": "Herbalife to pay a $123 million to the SEC and DOJ to settle China bribery allegations. Covers the company's China\u2026 https://t.co/QxHOwMpPY3", "clean_text": "HERBALIFE PAY SEC DOJ SETTLE BRIBERY ALLEGATIONS COVERS COMPANY", "count1": 1, "count2": 0, "count3": 0, "count4": 0}, {"Name": "marginalidea", "Time": 20200511, "Text": "I grow more baffled by the day \n\n\"Year-over-year, the company said bookings saw a 200% increase.\" \n \nhttps://t.co/6jqLCzdT2E", "clean_text": "GROW BAFFLED YEAROVERYEAR COMPANY BOOKINGS 200% INCREASE", "count1": 1, "count2": 0, "count3": 0, "count4": 0}, {"Name": "muddywatersre", "Time": 20200509, "Text": "@EpsilonTheory There is at the end of the day no such thing as a private company in China - they are all compelled\u2026 https://t.co/2jG09VXM0e", "clean_text": "@EPSILONTHEORY PRIVATE COMPANY COMPELLED", "count1": 1, "count2": 0, "count3": 0, "count4": 0}, {"Name": "activiststocks", "Time": 20200509, "Text": "Coronavirus Impact May Derail $2.6 Billion Sale of Swiss Payments Company https://t.co/osGetAe49b", "clean_text": "CORONAVIRUS IMPACT DERAIL BILLION SALE SWISS PAYMENTS COMPANY", "count1": 1, "count2": 0, "count3": 0, "count4": 0}, {"Name": "AlexRubalcava", "Time": 20200509, "Text": "@conorsen There\u2019s no better sign of a company being past its prime than when it starts thinking about leaving Calif\u2026 https://t.co/HhJUrfDVLF", "clean_text": "@CONORSEN SIGN COMPANY PAST PRIME STARTS THINKING LEAVING CALIF", "count1": 1, "count2": 0, "count3": 0, "count4": 0}, {"Name": "cablecarcapital", "Time": 20200508, "Text": "@tomyarborough It\u2019s not a cost basis if the company gives you shares as compensation for investor relations services.", "clean_text": "@TOMYARBOROUGH COST BASIS COMPANY GIVES SHARES COMPENSATION INVESTOR RELATIONS SERVICES", "count1": 1, "count2": 0, "count3": 0, "count4": 0}, {"Name": "herbgreenberg", "Time": 20200507, "Text": "Company: \u201cWe have no idea how this will play out. Zero visibility. We are withdrawing guidance.\u201d\n\nStock: Up.", "clean_text": "COMPANY ZERO VISIBILITY WITHDRAWING GUIDANCE\u201d STOCK", "count1": 1, "count2": 0, "count3": 0, "count4": 0}, {"Name": "CitronResearch", "Time": 20200507, "Text": "This is a first, Never had IR of a company threaten to \"slap my face\".  How about we do it at the SEC office?  IR r\u2026 https://t.co/NR8X3ugJOE", "clean_text": "IR COMPANY THREATEN FACE SEC OFFICE IR", "count1": 1, "count2": 0, "count3": 0, "count4": 0}, {"Name": "ActAccordingly", "Time": 20200507, "Text": "This is great company to be in. I don't know Todd very well, but I can say @herbgreenberg was hugely instrumental i\u2026 https://t.co/HcRk1f3M3s", "clean_text": "GREAT COMPANY TODD WELL @HERBGREENBERG HUGELY INSTRUMENTAL", "count1": 1, "count2": 0, "count3": 1, "count4": 0}, {"Name": "cablecarcapital", "Time": 20200504, "Text": "@thayereric1 The statements in this video are incredibly misleading; the company did not receive any money from the\u2026 https://t.co/cNzeEk3N0c", "clean_text": "@THAYERERIC1 STATEMENTS VIDEO INCREDIBLY MISLEADING COMPANY RECEIVE MONEY", "count1": 1, "count2": 0, "count3": 0, "count4": 0}, {"Name": "ActAccordingly", "Time": 20200504, "Text": "Would a younger Warren slap a cease and desist order on this profitless pet insurance company in the midst of a rat\u2026 https://t.co/5d4ojDH9hp", "clean_text": "YOUNGER WARREN CEASE DESIST ORDER PROFITLESS PET INSURANCE COMPANY MIDST RAT", "count1": 1, "count2": 0, "count3": 0, "count4": 0}, {"Name": "UnionSquareGrp", "Time": 20200503, "Text": "@lucasovertime Buffett\u2019s job - and his successors job - is to avoid making bad decisions and to run the company wel\u2026 https://t.co/uPzrjOwG0S", "clean_text": "@LUCASOVERTIME BUFFETTS JOB SUCCESSORS JOB AVOID MAKING BAD DECISIONS COMPANY WEL", "count1": 1, "count2": 0, "count3": 0, "count4": 0}, {"Name": "BluegrassCap", "Time": 20200503, "Text": "on the FDIC effectively being a mutual insurance company; is there an example of a US government backed entity demu\u2026 https://t.co/RZXRYhgxGx", "clean_text": "FDIC EFFECTIVELY MUTUAL INSURANCE COMPANY BACKED ENTITY DEMU", "count1": 1, "count2": 0, "count3": 0, "count4": 0}, {"Name": "cablecarcapital", "Time": 20200502, "Text": "@thayereric1 Why are there so many 1-follower Twitter accounts spreading misinformation about this company?", "clean_text": "@THAYERERIC1 1FOLLOWER ACCOUNTS SPREADING MISINFORMATION COMPANY", "count1": 1, "count2": 0, "count3": 0, "count4": 0}, {"Name": "marginalidea", "Time": 20200501, "Text": "someone tell me what  the most year one revenue a company has ever done is, I'm getting mad about Quibi", "clean_text": "SOMEONE REVENUE COMPANY MAD QUIBI", "count1": 1, "count2": 0, "count3": 0, "count4": 0}, {"Name": "TruthGundlach", "Time": 20200501, "Text": "I am told the Fed has not actually bought any Corporate Bonds via the shell company set up to circumvent the restri\u2026 https://t.co/6oBP9Z3ncp", "clean_text": "FED BOUGHT CORPORATE BONDS SHELL COMPANY SET CIRCUMVENT RESTRI", "count1": 1, "count2": 0, "count3": 0, "count4": 0}, {"Name": "TruthGundlach", "Time": 20200501, "Text": "If the Fed has not actually been buying Corporate Bonds, even through its shell company, the buyers of Corporate Bo\u2026 https://t.co/ZpCOh13P5D", "clean_text": "FED BUYING CORPORATE BONDS SHELL COMPANY BUYERS CORPORATE BO", "count1": 1, "count2": 0, "count3": 0, "count4": 0}, {"Name": "EdBorgato", "Time": 20200501, "Text": "Company dumped D&amp;O insurance. Elon said he'd cover the board. Can you imagine? https://t.co/yg1VoRXWAb", "clean_text": "COMPANY DUMPED DAMPO INSURANCE ELON HED COVER BOARD IMAGINE", "count1": 1, "count2": 0, "count3": 0, "count4": 0}, {"Name": "sprucepointcap", "Time": 20200430, "Text": "$FSCT dubbed a \"Dinosaur IPO\": absent multiple expansion and them blowing $113m on a revenue-less company, it's not\u2026 https://t.co/16XvmivKEc", "clean_text": "FSCT DUBBED DINOSAUR IPO ABSENT MULTIPLE EXPANSION BLOWING 113M REVENUELESS COMPANY", "count1": 1, "count2": 1, "count3": 0, "count4": 0}, {"Name": "sprucepointcap", "Time": 20200430, "Text": "We did an interview of former $FSCT employee, and got some good insight into what is challenging the Company\u2026 https://t.co/gPsyBvVjui", "clean_text": "INTERVIEW FORMER FSCT EMPLOYEE GOOD INSIGHT CHALLENGING COMPANY", "count1": 1, "count2": 1, "count3": 0, "count4": 0}, {"Name": "marginalidea", "Time": 20200430, "Text": "@PScatterpatter I think this definitively proves some companies just have a higher Company IQ than others", "clean_text": "@PSCATTERPATTER DEFINITIVELY PROVES COMPANIES HIGHER COMPANY IQ", "count1": 1, "count2": 0, "count3": 0, "count4": 1}, {"Name": "marginalidea", "Time": 20200430, "Text": "@ApexHurley I still cannot fathom that Meg Whitman is the CEO of a media company right now", "clean_text": "@APEXHURLEY FATHOM MEG WHITMAN CEO MEDIA COMPANY", "count1": 1, "count2": 0, "count3": 0, "count4": 0}, {"Name": "GrantsPub", "Time": 20200430, "Text": "For an early bright light on the zombies, see 'The nine lives of the modern leveraged company' in the Grant's issue\u2026 https://t.co/BSwotymMz3", "clean_text": "EARLY BRIGHT LIGHT ZOMBIES NINE LIVES MODERN LEVERAGED COMPANY GRANT ISSUE", "count1": 1, "count2": 0, "count3": 0, "count4": 0}]