["CALLING", {"Name": "GrantsPub", "Time": 20200213, "Text": "Calling another human on your smartphone - the next great disruption in tech. \n\n#Uber\nhttps://t.co/heJXMhEPIX", "clean_text": "CALLING HUMAN SMARTPHONE GREAT DISRUPTION TECH #UBER", "count1": 0, "count2": 0, "count3": 0, "count4": 1}, {"Name": "TruthGundlach", "Time": 20200203, "Text": "Hey NFL, I know you want a close game for all the obvious reasons, but not calling a clear offside penalty in Super Bowl Q4 is so harmful.", "clean_text": "NFL CLOSE OBVIOUS REASONS CALLING CLEAR OFFSIDE PENALTY SUPER BOWL HARMFUL", "count1": 0, "count2": 0, "count3": 0, "count4": 1}]