["BELOW", {"Name": "KerrisdaleCap", "Time": 20200127, "Text": "RT @JohnCendpts: P.S. to my Sahm Adrangi story on $PRNB, I asked $BMY about BMS-986142, their BTKi which had quietly sunk below the waves.\u2026", "clean_text": "@JOHNCENDPTS PS SAHM ADRANGI PRNB BMY BMS986142 BTKI QUIETLY SUNK BELOW WAVES", "count1": 1, "count2": 0, "count3": 0, "count4": 0}, {"Name": "PresciencePoint", "Time": 20200116, "Text": "We are short $MDLA and believe fair value is &gt;50% below current levels. Shares are trading over 13x sales despite a\u2026 https://t.co/VTMt9m0c4v", "clean_text": "SHORT MDLA BELIEVE FAIR VALUE GT50% BELOW CURRENT LEVELS SHARES TRADING 13X SALES DESPITE", "count1": 1, "count2": 1, "count3": 0, "count4": 0}, {"Name": "PresciencePoint", "Time": 20200116, "Text": "Excluding M&amp;A, FY 21 guidance implies revenue growth will slow to below 20.0% for the first time in over a decade!\u2026 https://t.co/WPs2dxd0wJ", "clean_text": "EXCLUDING MAMPA FY GUIDANCE IMPLIES REVENUE GROWTH SLOW BELOW 200% DECADE", "count1": 1, "count2": 0, "count3": 0, "count4": 0}]