["@ADAMHSAYS", {"Name": "DumbLuckCapital", "Time": 20200403, "Text": "RT @AdamHSays: Grab the closest book to you, turn to page 47, and post the fourth sentence. Don't mention the title.", "clean_text": "@ADAMHSAYS GRAB CLOSEST BOOK TURN PAGE POST FOURTH SENTENCE MENTION TITLE", "count1": 0, "count2": 0, "count3": 0, "count4": 1}, {"Name": "DumbLuckCapital", "Time": 20200403, "Text": "@zoo_bear @AmilwithanL @AdamHSays Literally my favorite letter to write", "clean_text": "@ZOO_BEAR @AMILWITHANL @ADAMHSAYS LITERALLY FAVORITE LETTER WRITE", "count1": 0, "count2": 0, "count3": 0, "count4": 1}, {"Name": "DumbLuckCapital", "Time": 20200403, "Text": "@KaddieMiki @ItsJulieAdams @feloneouscat @Grace_Segers @AdamHSays This gave me shivers for years", "clean_text": "@KADDIEMIKI @ITSJULIEADAMS @FELONEOUSCAT @GRACE_SEGERS @ADAMHSAYS GAVE SHIVERS", "count1": 0, "count2": 0, "count3": 0, "count4": 1}]