["REPORT", {"Name": "PresciencePoint", "Time": 20200127, "Text": "Friday night filing reveals @Medallia's CEO unloaded another &gt;10% tranche of his stock. Since our report and the IP\u2026 https://t.co/KNmEvaJGpH", "clean_text": "FRIDAY FILING REVEALS @MEDALLIA CEO UNLOADED GT10% TRANCHE STOCK REPORT IP", "count1": 0, "count2": 1, "count3": 0, "count4": 0}, {"Name": "KerrisdaleCap", "Time": 20200127, "Text": "Our first short of 2020 is $PRNB. Report avail at https://t.co/IJcQcOl1eA. Conf call at 1pm: 866-834-3313, #8778858\u2026 https://t.co/82rxity2WK", "clean_text": "SHORT PRNB REPORT AVAIL CONF 1PM #8778858", "count1": 0, "count2": 1, "count3": 0, "count4": 0}, {"Name": "mjmauboussin", "Time": 20200119, "Text": "@specialguyinsp1 @NewConstructs We walked through an example in this report: https://t.co/2v04ouHks0", "clean_text": "@SPECIALGUYINSP1 @NEWCONSTRUCTS WALKED REPORT", "count1": 0, "count2": 1, "count3": 0, "count4": 0}]