["STOCK", {"Name": "herbgreenberg", "Time": 20200429, "Text": "RT @adamfeuerstein: A few thoughts on remdesivir news today: \n\nI don\u2019t care about $GILD the stock. Up, down, sideways. Doesn\u2019t matter. Fran\u2026", "clean_text": "@ADAMFEUERSTEIN THOUGHTS REMDESIVIR CARE GILD STOCK DOWN SIDEWAYS DOESNT MATTER FRAN", "count1": 1, "count2": 0, "count3": 0, "count4": 0}, {"Name": "FCFYield", "Time": 20200428, "Text": "RT @conorsen: I think a growing body of economic data will show improvement from here, and also aggregate valuations for major stock market\u2026", "clean_text": "@CONORSEN BODY ECONOMIC DATA IMPROVEMENT AGGREGATE VALUATIONS MAJOR STOCK", "count1": 1, "count2": 0, "count3": 0, "count4": 0}, {"Name": "CitronResearch", "Time": 20200427, "Text": "$INO is the Covid-19 version of Theranos.  Either the SEC halts the stock or it trades back to $1 on a history of f\u2026 https://t.co/kmHptbEWTj", "clean_text": "INO COVID19 VERSION THERANOS EITHER SEC HALTS STOCK TRADES", "count1": 1, "count2": 0, "count3": 0, "count4": 0}, {"Name": "matt_levine", "Time": 20200422, "Text": "@karlbykarlsmith @ejenk i mean you can definitely find a way to lose more than 100% of the value of a stock but not\u2026 https://t.co/vDXaDp3K7V", "clean_text": "@KARLBYKARLSMITH MEAN DEFINITELY LOSE 100% VALUE STOCK", "count1": 1, "count2": 0, "count3": 0, "count4": 0}, {"Name": "matt_levine", "Time": 20200422, "Text": "@15c3PO @ejenk oh yeah 100%, i am talking about u.s. exchange-traded limited-liability stock; assessable stock shou\u2026 https://t.co/UvWQqGLqhh", "clean_text": "@15C3PO 100% EXCHANGETRADED LIMITEDLIABILITY STOCK ASSESSABLE STOCK SHOU", "count1": 2, "count2": 0, "count3": 0, "count4": 0}, {"Name": "matt_levine", "Time": 20200422, "Text": "@karlbykarlsmith @ejenk the real point is that shares of stock in themselves do not impose obligations, so, no. you\u2026 https://t.co/EICbLzUTAP", "clean_text": "@KARLBYKARLSMITH POINT SHARES STOCK IMPOSE OBLIGATIONS", "count1": 1, "count2": 0, "count3": 0, "count4": 0}, {"Name": "cablecarcapital", "Time": 20200422, "Text": "@AdamB1438 I think it\u2019s critical to separate the act of selling or short selling stock from the act of reporting or\u2026 https://t.co/dbak1F4Z6c", "clean_text": "@ADAMB1438 CRITICAL SEPARATE ACT SELLING SHORT SELLING STOCK ACT REPORTING", "count1": 1, "count2": 0, "count3": 0, "count4": 0}, {"Name": "cablecarcapital", "Time": 20200422, "Text": "@AdamB1438 The reality is that no one saved any lives by selling Insys stock. At best, sellers might have marginall\u2026 https://t.co/84g9J6uBsr", "clean_text": "@ADAMB1438 REALITY SAVED LIVES SELLING INSYS STOCK BEST SELLERS MARGINALL", "count1": 1, "count2": 0, "count3": 0, "count4": 0}, {"Name": "cablecarcapital", "Time": 20200422, "Text": "Ah, who doesn't miss the good old days of penny stock manipulation? Pretty sure the only ones getting \"trapped\" her\u2026 https://t.co/FhlNIKVuCk", "clean_text": "DOESNT MISS GOOD OLD PENNY STOCK MANIPULATION TRAPPED", "count1": 1, "count2": 0, "count3": 0, "count4": 0}, {"Name": "JohnHuber72", "Time": 20200422, "Text": "Not a view on the stock, but I always love reading NFLX calls. Great to see a CEO who is honest about risks, doesn'\u2026 https://t.co/eokbjUIiQg", "clean_text": "VIEW STOCK NFLX CALLS GREAT CEO HONEST RISKS DOESN", "count1": 1, "count2": 0, "count3": 0, "count4": 0}, {"Name": "adoxen", "Time": 20200421, "Text": "@tracyalloway @alfredliuhk With more than half its stock portfolio invested in the bank it has bigger problems than the dividend.", "clean_text": "@TRACYALLOWAY @ALFREDLIUHK HALF STOCK PORTFOLIO INVESTED BANK BIGGER PROBLEMS DIVIDEND", "count1": 1, "count2": 0, "count3": 0, "count4": 0}, {"Name": "Find_Me_Value", "Time": 20200421, "Text": "Sh*&amp;, was looking to do a deck on this next. Stock price near ATHs, +9% YTD, +27% last yr. Got to as low as $36/sh\u2026 https://t.co/Fswd2aLwQe", "clean_text": "SH*AMP DECK STOCK PRICE ATHS +9% YTD +27% YR LOW 36SH", "count1": 1, "count2": 0, "count3": 0, "count4": 0}, {"Name": "FatTailCapital", "Time": 20200421, "Text": "Dumbasses repurchase stock with cash.\n\nGeniuses promote fantastical stories to sell you stock.\n\n-Some VC probably", "clean_text": "DUMBASSES REPURCHASE STOCK CASH GENIUSES PROMOTE FANTASTICAL STORIES SELL STOCK VC", "count1": 2, "count2": 0, "count3": 0, "count4": 0}, {"Name": "FatTailCapital", "Time": 20200421, "Text": "Whether a company's stock repurchases have created shareholder value has absolutely nothing to do with how much it\u2026 https://t.co/DhyOJonm7k", "clean_text": "WHETHER COMPANY STOCK REPURCHASES CREATED SHAREHOLDER VALUE", "count1": 1, "count2": 0, "count3": 0, "count4": 0}, {"Name": "muddywatersre", "Time": 20200419, "Text": "@_MarkusBraun @business How will stock fraudster behavior change?", "clean_text": "@_MARKUSBRAUN @BUSINESS STOCK FRAUDSTER BEHAVIOR CHANGE", "count1": 1, "count2": 0, "count3": 0, "count4": 0}, {"Name": "TruthGundlach", "Time": 20200419, "Text": "Doing some rough math, it looks like the combined value of the U.S. stock market gains off of the recent lows is ro\u2026 https://t.co/NA0feIQXK0", "clean_text": "ROUGH COMBINED VALUE STOCK GAINS RECENT LOWS RO", "count1": 1, "count2": 0, "count3": 0, "count4": 0}, {"Name": "BergenCapital", "Time": 20200419, "Text": "RT @TruthGundlach: Doing some rough math, it looks like the combined value of the U.S. stock market gains off of the recent lows is roughly\u2026", "clean_text": "@TRUTHGUNDLACH ROUGH COMBINED VALUE STOCK GAINS RECENT LOWS ROUGHLY", "count1": 1, "count2": 0, "count3": 0, "count4": 0}, {"Name": "sprucepointcap", "Time": 20200415, "Text": "/ @SDbusiness what is with your local San Diego company $WDFC #WD40. Highly unusual to see a CEO selling stock sign\u2026 https://t.co/xoGFoubOxM", "clean_text": "@SDBUSINESS LOCAL SAN DIEGO COMPANY WDFC #WD40 HIGHLY UNUSUAL CEO SELLING STOCK SIGN", "count1": 1, "count2": 0, "count3": 0, "count4": 0}, {"Name": "probesreporter", "Time": 20200415, "Text": "RT @JohnPGavin: A buyback or dividend raise now is a vote of confidence if -\n\nStock price is down a lot;\n\nDebt is low and/or easily managea\u2026", "clean_text": "BUYBACK DIVIDEND RAISE VOTE CONFIDENCE STOCK PRICE DOWN LOT DEBT LOW ANDOR EASILY MANAGEA", "count1": 1, "count2": 0, "count3": 0, "count4": 0}, {"Name": "Hedge_FundGirl", "Time": 20200415, "Text": "@WestlakeEquit Bought back too much stock. Was way over $100 mm. $DAL bought over $2 bn last year. Now they get a g\u2026 https://t.co/N2JNNv4zuR", "clean_text": "@WESTLAKEEQUIT BOUGHT STOCK MM DAL BOUGHT BN", "count1": 1, "count2": 0, "count3": 0, "count4": 0}, {"Name": "Hedge_FundGirl", "Time": 20200415, "Text": "@spacalf They also hadn\u2019t blown their cash hoard in 00 buying back irresponsible amounts of stock. Airlines fly just fine in Chapter 11.", "clean_text": "@SPACALF HADNT BLOWN CASH HOARD BUYING IRRESPONSIBLE AMOUNTS STOCK AIRLINES FLY CHAPTER", "count1": 1, "count2": 0, "count3": 0, "count4": 0}]