["PURPOSE", {"Name": "probesreporter", "Time": 20200413, "Text": "RT @JohnPGavin: Investors, look past who's on this \"Council\", to see their purpose.  That's easy.  Trump wants the economy \"open\" for his r\u2026", "clean_text": "INVESTORS PAST COUNCIL PURPOSE TRUMP ECONOMY OPEN", "count1": 0, "count2": 0, "count3": 1, "count4": 0}, {"Name": "marginalidea", "Time": 20200413, "Text": "@quantian1 \"the purpose of this 50 page document\" is a sentence that should never be written", "clean_text": "@QUANTIAN1 PURPOSE PAGE DOCUMENT SENTENCE WRITTEN", "count1": 0, "count2": 0, "count3": 1, "count4": 0}, {"Name": "EdBorgato", "Time": 20200408, "Text": "When looking at consumer facing businesses, especially right now when their purpose to exist is being tested, ask y\u2026 https://t.co/TwuyLhPmmT", "clean_text": "CONSUMER FACING BUSINESSES ESPECIALLY PURPOSE EXIST TESTED", "count1": 0, "count2": 0, "count3": 1, "count4": 0}]