["ITSELF", {"Name": "footnoted", "Time": 20200213, "Text": "Sigh! Yet another newspaper that I used to work for has found itself in bankruptcy. https://t.co/eSGwyQoItm", "clean_text": "SIGH NEWSPAPER FOUND ITSELF BANKRUPTCY", "count1": 0, "count2": 0, "count3": 0, "count4": 1}, {"Name": "activiststocks", "Time": 20200213, "Text": "Activist urges Japan clothing firm Sanyo Shokai to sell itself https://t.co/U6OJsY4ZYN", "clean_text": "ACTIVIST URGES JAPAN CLOTHING FIRM SANYO SHOKAI SELL ITSELF", "count1": 0, "count2": 0, "count3": 0, "count4": 1}]