["STOCK", {"Name": "sprucepointcap", "Time": 20200502, "Text": "$FSCT Forescout insider dumps stock at a discount to the deal price, after our public criticism, and while in a qui\u2026 https://t.co/xtvX0CTFQE", "clean_text": "FSCT FORESCOUT INSIDER DUMPS STOCK DISCOUNT DEAL PRICE PUBLIC CRITICISM QUI", "count1": 1, "count2": 0, "count3": 0, "count4": 1}, {"Name": "marketfolly", "Time": 20200502, "Text": "Buffett net sold $6.5 bn of securities in April. \u201cNot because we thought the stock market was going to go down \u2026 I\u2026 https://t.co/gcG30Msi5H", "clean_text": "BUFFETT NET SOLD BN SECURITIES APRIL STOCK DOWN", "count1": 0, "count2": 0, "count3": 0, "count4": 1}, {"Name": "manualofideas", "Time": 20200502, "Text": "RT @cablecarcapital: Wow...the CEO of $CYDY filed a paper form 144 to dump $17 million of restricted stock yesterday, the same day he put o\u2026", "clean_text": "@CABLECARCAPITAL WOWTHE CEO CYDY FILED FORM DUMP RESTRICTED STOCK YESTERDAY", "count1": 0, "count2": 0, "count3": 0, "count4": 1}, {"Name": "fundiescapital", "Time": 20200502, "Text": "Narrator: He\u2019s been spending the last 60 months relentlessly pumping the stock through fake buyouts, vaporware and\u2026 https://t.co/GHoOpYmclh", "clean_text": "NARRATOR SPENDING RELENTLESSLY PUMPING STOCK FAKE BUYOUTS VAPORWARE", "count1": 0, "count2": 0, "count3": 0, "count4": 1}, {"Name": "cablecarcapital", "Time": 20200502, "Text": "@360Timothee Totally incoherent. What does the company\u2019s purchase obligation to Samsung have to do with the CEO selling stock?", "clean_text": "@360TIMOTHEE TOTALLY INCOHERENT COMPANYS PURCHASE OBLIGATION SAMSUNG CEO SELLING STOCK", "count1": 0, "count2": 0, "count3": 0, "count4": 1}, {"Name": "BluegrassCap", "Time": 20200502, "Text": "@RotoFuzbol the stock price catching up to the business value", "clean_text": "@ROTOFUZBOL STOCK PRICE CATCHING BUSINESS VALUE", "count1": 0, "count2": 0, "count3": 0, "count4": 1}, {"Name": "herbgreenberg", "Time": 20200501, "Text": "Observation from an industry journalist re $QSR, who has no bias on the stock and no worries about whether manageme\u2026 https://t.co/thdxuMVydx", "clean_text": "OBSERVATION INDUSTRY JOURNALIST RE QSR BIAS STOCK WORRIES WHETHER MANAGEME", "count1": 0, "count2": 0, "count3": 0, "count4": 1}, {"Name": "cablecarcapital", "Time": 20200501, "Text": "Wow...the CEO of $CYDY filed a paper form 144 to dump $17 million of restricted stock yesterday, the same day he pu\u2026 https://t.co/DpXgSMyeNY", "clean_text": "WOWTHE CEO CYDY FILED FORM DUMP RESTRICTED STOCK YESTERDAY PU", "count1": 0, "count2": 0, "count3": 0, "count4": 1}, {"Name": "UnionSquareGrp", "Time": 20200501, "Text": "RT @MatthewLennig: If stock buybacks are sinful, are secondary stock offerings virtuous?", "clean_text": "@MATTHEWLENNIG STOCK BUYBACKS SINFUL SECONDARY STOCK OFFERINGS VIRTUOUS", "count1": 0, "count2": 0, "count3": 0, "count4": 2}, {"Name": "Jesse_Livermore", "Time": 20200501, "Text": "RT @MatthewLennig: If stock buybacks are sinful, are secondary stock offerings virtuous?", "clean_text": "@MATTHEWLENNIG STOCK BUYBACKS SINFUL SECONDARY STOCK OFFERINGS VIRTUOUS", "count1": 0, "count2": 0, "count3": 0, "count4": 2}, {"Name": "FatTailCapital", "Time": 20200501, "Text": "@MasaSonCap That $100M payday in stock could've been worth $10M today", "clean_text": "@MASASONCAP 100M PAYDAY STOCK COULDVE WORTH 10M", "count1": 0, "count2": 0, "count3": 0, "count4": 1}, {"Name": "sprucepointcap", "Time": 20200430, "Text": "Last time $FSCT surprised investors with a pre-announce guidance revision in Q3 2019, the stock imploded 37%. From\u2026 https://t.co/I66YLhaEn7", "clean_text": "FSCT SURPRISED INVESTORS PREANNOUNCE GUIDANCE REVISION Q3 STOCK IMPLODED 37%", "count1": 1, "count2": 0, "count3": 0, "count4": 1}, {"Name": "herbgreenberg", "Time": 20200429, "Text": "RT @adamfeuerstein: A few thoughts on remdesivir news today: \n\nI don\u2019t care about $GILD the stock. Up, down, sideways. Doesn\u2019t matter. Fran\u2026", "clean_text": "@ADAMFEUERSTEIN THOUGHTS REMDESIVIR CARE GILD STOCK DOWN SIDEWAYS DOESNT MATTER FRAN", "count1": 0, "count2": 0, "count3": 0, "count4": 1}, {"Name": "FCFYield", "Time": 20200428, "Text": "RT @conorsen: I think a growing body of economic data will show improvement from here, and also aggregate valuations for major stock market\u2026", "clean_text": "@CONORSEN BODY ECONOMIC DATA IMPROVEMENT AGGREGATE VALUATIONS MAJOR STOCK", "count1": 0, "count2": 0, "count3": 0, "count4": 1}, {"Name": "CitronResearch", "Time": 20200427, "Text": "$INO is the Covid-19 version of Theranos.  Either the SEC halts the stock or it trades back to $1 on a history of f\u2026 https://t.co/kmHptbEWTj", "clean_text": "INO COVID19 VERSION THERANOS EITHER SEC HALTS STOCK TRADES", "count1": 0, "count2": 0, "count3": 0, "count4": 1}, {"Name": "matt_levine", "Time": 20200422, "Text": "@karlbykarlsmith @ejenk i mean you can definitely find a way to lose more than 100% of the value of a stock but not\u2026 https://t.co/vDXaDp3K7V", "clean_text": "@KARLBYKARLSMITH MEAN DEFINITELY LOSE 100% VALUE STOCK", "count1": 0, "count2": 0, "count3": 0, "count4": 1}, {"Name": "matt_levine", "Time": 20200422, "Text": "@15c3PO @ejenk oh yeah 100%, i am talking about u.s. exchange-traded limited-liability stock; assessable stock shou\u2026 https://t.co/UvWQqGLqhh", "clean_text": "@15C3PO 100% EXCHANGETRADED LIMITEDLIABILITY STOCK ASSESSABLE STOCK SHOU", "count1": 0, "count2": 0, "count3": 0, "count4": 2}, {"Name": "matt_levine", "Time": 20200422, "Text": "@karlbykarlsmith @ejenk the real point is that shares of stock in themselves do not impose obligations, so, no. you\u2026 https://t.co/EICbLzUTAP", "clean_text": "@KARLBYKARLSMITH POINT SHARES STOCK IMPOSE OBLIGATIONS", "count1": 0, "count2": 0, "count3": 0, "count4": 1}, {"Name": "cablecarcapital", "Time": 20200422, "Text": "@AdamB1438 I think it\u2019s critical to separate the act of selling or short selling stock from the act of reporting or\u2026 https://t.co/dbak1F4Z6c", "clean_text": "@ADAMB1438 CRITICAL SEPARATE ACT SELLING SHORT SELLING STOCK ACT REPORTING", "count1": 0, "count2": 0, "count3": 0, "count4": 1}, {"Name": "cablecarcapital", "Time": 20200422, "Text": "@AdamB1438 The reality is that no one saved any lives by selling Insys stock. At best, sellers might have marginall\u2026 https://t.co/84g9J6uBsr", "clean_text": "@ADAMB1438 REALITY SAVED LIVES SELLING INSYS STOCK BEST SELLERS MARGINALL", "count1": 0, "count2": 0, "count3": 0, "count4": 1}, {"Name": "cablecarcapital", "Time": 20200422, "Text": "Ah, who doesn't miss the good old days of penny stock manipulation? Pretty sure the only ones getting \"trapped\" her\u2026 https://t.co/FhlNIKVuCk", "clean_text": "DOESNT MISS GOOD OLD PENNY STOCK MANIPULATION TRAPPED", "count1": 0, "count2": 0, "count3": 0, "count4": 1}, {"Name": "JohnHuber72", "Time": 20200422, "Text": "Not a view on the stock, but I always love reading NFLX calls. Great to see a CEO who is honest about risks, doesn'\u2026 https://t.co/eokbjUIiQg", "clean_text": "VIEW STOCK NFLX CALLS GREAT CEO HONEST RISKS DOESN", "count1": 0, "count2": 0, "count3": 0, "count4": 1}, {"Name": "adoxen", "Time": 20200421, "Text": "@tracyalloway @alfredliuhk With more than half its stock portfolio invested in the bank it has bigger problems than the dividend.", "clean_text": "@TRACYALLOWAY @ALFREDLIUHK HALF STOCK PORTFOLIO INVESTED BANK BIGGER PROBLEMS DIVIDEND", "count1": 0, "count2": 0, "count3": 0, "count4": 1}, {"Name": "Find_Me_Value", "Time": 20200421, "Text": "Sh*&amp;, was looking to do a deck on this next. Stock price near ATHs, +9% YTD, +27% last yr. Got to as low as $36/sh\u2026 https://t.co/Fswd2aLwQe", "clean_text": "SH*AMP DECK STOCK PRICE ATHS +9% YTD +27% YR LOW 36SH", "count1": 0, "count2": 0, "count3": 0, "count4": 1}, {"Name": "FatTailCapital", "Time": 20200421, "Text": "Dumbasses repurchase stock with cash.\n\nGeniuses promote fantastical stories to sell you stock.\n\n-Some VC probably", "clean_text": "DUMBASSES REPURCHASE STOCK CASH GENIUSES PROMOTE FANTASTICAL STORIES SELL STOCK VC", "count1": 0, "count2": 0, "count3": 0, "count4": 2}, {"Name": "FatTailCapital", "Time": 20200421, "Text": "Whether a company's stock repurchases have created shareholder value has absolutely nothing to do with how much it\u2026 https://t.co/DhyOJonm7k", "clean_text": "WHETHER COMPANY STOCK REPURCHASES CREATED SHAREHOLDER VALUE", "count1": 0, "count2": 0, "count3": 0, "count4": 1}, {"Name": "muddywatersre", "Time": 20200419, "Text": "@_MarkusBraun @business How will stock fraudster behavior change?", "clean_text": "@_MARKUSBRAUN @BUSINESS STOCK FRAUDSTER BEHAVIOR CHANGE", "count1": 0, "count2": 0, "count3": 0, "count4": 1}, {"Name": "TruthGundlach", "Time": 20200419, "Text": "Doing some rough math, it looks like the combined value of the U.S. stock market gains off of the recent lows is ro\u2026 https://t.co/NA0feIQXK0", "clean_text": "ROUGH COMBINED VALUE STOCK GAINS RECENT LOWS RO", "count1": 0, "count2": 0, "count3": 0, "count4": 1}, {"Name": "BergenCapital", "Time": 20200419, "Text": "RT @TruthGundlach: Doing some rough math, it looks like the combined value of the U.S. stock market gains off of the recent lows is roughly\u2026", "clean_text": "@TRUTHGUNDLACH ROUGH COMBINED VALUE STOCK GAINS RECENT LOWS ROUGHLY", "count1": 0, "count2": 0, "count3": 0, "count4": 1}]