["EBITDA", {"Name": "Find_Me_Value", "Time": 20200219, "Text": "$CMCSA - If cable valued at 10x EBITDA / 18x FCFF (post-tax) assuming take on of all debt, NBCU Theme Parks valued\u2026 https://t.co/Z6jrZVdi6l", "clean_text": "CMCSA CABLE VALUED 10X EBITDA 18X FCFF POSTTAX ASSUMING DEBT NBCU THEME PARKS VALUED", "count1": 1, "count2": 0, "count3": 0, "count4": 0}, {"Name": "Find_Me_Value", "Time": 20200219, "Text": "Yes, theme parks only 8% of EBITDA, but next 5 years I'd bet EBITDA will almost double w/ Beijing (2021), Nintendo\u2026 https://t.co/MKMa2EtYAd", "clean_text": "THEME PARKS 8% EBITDA BET EBITDA DOUBLE BEIJING NINTENDO", "count1": 2, "count2": 0, "count3": 0, "count4": 0}]