["@DESAIAMEET", {"Name": "mjmauboussin", "Time": 20191229, "Text": "@DesaiAmeet @iyershekhar100 1/A couple of thoughts. First, the spread between ROIC and cost of capital is key and g\u2026 https://t.co/8EdvB8wq8O", "clean_text": "@DESAIAMEET @IYERSHEKHAR100 1A COUPLE THOUGHTS SPREAD ROIC COST CAPITAL", "count1": 0, "count2": 1, "count3": 0, "count4": 0}, {"Name": "mjmauboussin", "Time": 20191229, "Text": "@DesaiAmeet @iyershekhar100 2/ Over time, high valuation companies tend to underperform low valuation companies (af\u2026 https://t.co/wu3hxLjUQg", "clean_text": "@DESAIAMEET @IYERSHEKHAR100 HIGH VALUATION COMPANIES TEND UNDERPERFORM LOW VALUATION COMPANIES AF", "count1": 0, "count2": 1, "count3": 0, "count4": 0}]