["WHETHER", {"Name": "footnoted", "Time": 20200205, "Text": "@pkafka Not necessarily. Depends on whether the lawyers consider it to be material, which leaves lots of wiggle room.", "clean_text": "@PKAFKA NECESSARILY DEPENDS WHETHER LAWYERS CONSIDER MATERIAL WIGGLE ROOM", "count1": 0, "count2": 0, "count3": 1, "count4": 0}, {"Name": "KerrisdaleCap", "Time": 20200127, "Text": "@ATLanalyst Sure, they might. But the question is whether drug really works &amp; what its place in the market would ev\u2026 https://t.co/r3zf4T8hPC", "clean_text": "@ATLANALYST WHETHER DRUG WORKS AMP PLACE EV", "count1": 0, "count2": 0, "count3": 1, "count4": 0}]