["GUIDE", {"Name": "ShortSightedCap", "Time": 20200416, "Text": "RT @ApexHurley: If history is any guide then Verizon buying BlueJeans today means the top in video conferencing is imminent", "clean_text": "@APEXHURLEY GUIDE VERIZON BUYING BLUEJEANS MEANS VIDEO CONFERENCING IMMINENT", "count1": 0, "count2": 0, "count3": 1, "count4": 0}, {"Name": "EdBorgato", "Time": 20200413, "Text": "CA, OR &amp; WA announce pact:\n\n\u2022 Health comes first.\n\n\u2022 Science, not politics, will guide decisions.\n\n\u2022 States must wo\u2026 https://t.co/i0Mp9Ejkqy", "clean_text": "CA AMP WA ANNOUNCE PACT HEALTH SCIENCE POLITICS GUIDE DECISIONS STATES MUST", "count1": 0, "count2": 0, "count3": 1, "count4": 0}]