["HELICOPTER", {"Name": "TruthGundlach", "Time": 20200111, "Text": "Perhaps Mark Croce ran out of fuel for the helicopter (which is my guess). But he was the fuel for the Chippewa district miracle.  RIP Mark.", "clean_text": "MARK CROCE FUEL HELICOPTER GUESS FUEL CHIPPEWA DISTRICT MIRACLE MARK", "count1": 0, "count2": 1, "count3": 0, "count4": 0}, {"Name": "TruthGundlach", "Time": 20200110, "Text": "Mark Croce was killed last night in a helicopter crash, a terrible loss for the great City of Buffalo.  Mark made a big positive difference.", "clean_text": "MARK CROCE KILLED HELICOPTER CRASH TERRIBLE LOSS GREAT CITY BUFFALO MARK POSITIVE", "count1": 0, "count2": 1, "count3": 0, "count4": 0}]