["COMPANIES", {"Name": "activiststocks", "Time": 20200305, "Text": "Should CEOs run two companies at once? A Silicon Valley practice comes under scrutiny https://t.co/BFAyEEmid5", "clean_text": "CEOS COMPANIES SILICON VALLEY PRACTICE UNDER SCRUTINY", "count1": 1, "count2": 0, "count3": 0, "count4": 0}, {"Name": "State_IO", "Time": 20200302, "Text": "RT @statedeptspox: The U.S. has long opposed the creation of a database of companies operating in Israeli-controlled territories. The U.S.\u2026", "clean_text": "@STATEDEPTSPOX LONG OPPOSED CREATION DATABASE COMPANIES OPERATING ISRAELICONTROLLED TERRITORIES", "count1": 1, "count2": 0, "count3": 0, "count4": 0}]