["COVID19", {"Name": "FCFYield", "Time": 20200302, "Text": "The FED cutting rates in response to economic risk caused by COVID-19 https://t.co/jNH3bwtLeK", "clean_text": "FED CUTTING RATES RESPONSE ECONOMIC RISK CAUSED COVID19", "count1": 0, "count2": 0, "count3": 0, "count4": 1}, {"Name": "mjmauboussin", "Time": 20200228, "Text": "RT @duncanjwatts: I'd just like to say that what is happening now with the COVID-19 proto-pandemic is completely consistent with a model th\u2026", "clean_text": "@DUNCANJWATTS HAPPENING COVID19 PROTOPANDEMIC COMPLETELY CONSISTENT MODEL", "count1": 0, "count2": 0, "count3": 0, "count4": 1}]