["FSCT", {"Name": "sprucepointcap", "Time": 20200518, "Text": "$FSCT postpones deal closing with Advent. Thank you @adventintl for listening", "clean_text": "FSCT POSTPONES DEAL CLOSING ADVENT @ADVENTINTL LISTENING", "count1": 0, "count2": 0, "count3": 1, "count4": 0}, {"Name": "sprucepointcap", "Time": 20200518, "Text": "We still believe $FSCT is worth in the teens at best. Run rate sales $230m with at best a 3-4x sales multiple https://t.co/cvK2fmLfzv", "clean_text": "BELIEVE FSCT WORTH TEENS BEST RATE SALES 230M BEST 34X SALES MULTIPLE", "count1": 0, "count2": 0, "count3": 1, "count4": 0}, {"Name": "sprucepointcap", "Time": 20200518, "Text": "@joepanettieri @Forescout @msspalert the $FSCT deal termination thesis was all laid out here: https://t.co/DnwL8zlpdG", "clean_text": "@JOEPANETTIERI @FORESCOUT @MSSPALERT FSCT DEAL TERMINATION THESIS LAID", "count1": 0, "count2": 0, "count3": 1, "count4": 0}, {"Name": "sprucepointcap", "Time": 20200518, "Text": "When it rains, it pours. Now $FTNT Fortinet is suing $FSCT over patent infringements. This adds a new layer of comp\u2026 https://t.co/vVdzm9PLE7", "clean_text": "RAINS POURS FTNT FORTINET SUING FSCT PATENT INFRINGEMENTS ADDS LAYER COMP", "count1": 0, "count2": 0, "count3": 1, "count4": 0}, {"Name": "sprucepointcap", "Time": 20200518, "Text": "Here's strong evidence that $FSCT shares are unlikely worth more than $20/sh. From the original $MS fairness opinio\u2026 https://t.co/gBYwaUBnNE", "clean_text": "STRONG EVIDENCE FSCT SHARES UNLIKELY WORTH 20SH ORIGINAL MS FAIRNESS OPINIO", "count1": 0, "count2": 0, "count3": 1, "count4": 0}, {"Name": "sprucepointcap", "Time": 20200518, "Text": "$C Citigroup with some wise commentary on $FSCT in our view. Warning: \"no other bids emerged\"/ \"isn't likely to be\u2026 https://t.co/9Txd0Cbwan", "clean_text": "CITIGROUP WISE COMMENTARY FSCT VIEW WARNING BIDS EMERGED", "count1": 0, "count2": 0, "count3": 1, "count4": 0}, {"Name": "sprucepointcap", "Time": 20200518, "Text": "$C Citigroup $FSCT worth $13-$19/share. FINALLY, I can agree with the hyper-promotional sell-side on something....\u2026 https://t.co/XtMznNOehh", "clean_text": "CITIGROUP FSCT WORTH 1319SHARE AGREE HYPERPROMOTIONAL SELLSIDE", "count1": 0, "count2": 0, "count3": 1, "count4": 0}, {"Name": "sprucepointcap", "Time": 20200518, "Text": "Details of this $FTNT lawsuit case are good, hopefully @adventintl sees that $FSCT \"delayed progressing the discuss\u2026 https://t.co/5XErYBMfyJ", "clean_text": "DETAILS FTNT LAWSUIT CASE GOOD HOPEFULLY @ADVENTINTL SEES FSCT DELAYED PROGRESSING DISCUSS", "count1": 0, "count2": 0, "count3": 1, "count4": 0}, {"Name": "sprucepointcap", "Time": 20200518, "Text": "Looks like sub $20/share $FSCT price target is the emerging consensus so far, $C Citigroup, now Baird weighs in wit\u2026 https://t.co/ky7EbhAzAz", "clean_text": "SUB 20SHARE FSCT PRICE TARGET EMERGING CONSENSUS CITIGROUP BAIRD WEIGHS WIT", "count1": 0, "count2": 0, "count3": 1, "count4": 0}, {"Name": "sprucepointcap", "Time": 20200514, "Text": "Got to admit, for those new to the $FSCT story, one has to seriously question the insider sales that were happening\u2026 https://t.co/7kOsJtTWCa", "clean_text": "ADMIT FSCT SERIOUSLY INSIDER SALES HAPPENING", "count1": 0, "count2": 0, "count3": 1, "count4": 0}, {"Name": "sprucepointcap", "Time": 20200513, "Text": "We are releasing another open letter to Advent @adventintl related to the $FSCT Forescout deal. After a thorough re\u2026 https://t.co/y2tYpUlQuG", "clean_text": "RELEASING OPEN LETTER ADVENT @ADVENTINTL RELATED FSCT FORESCOUT DEAL THOROUGH RE", "count1": 0, "count2": 0, "count3": 1, "count4": 0}, {"Name": "sprucepointcap", "Time": 20200513, "Text": "$FSCT Management's explanations for a poor Q1 blaming #COVID19 and the deal itself are insufficient in our view\u2026 https://t.co/m8YhZ8sWVO", "clean_text": "FSCT MANAGEMENT EXPLANATIONS POOR Q1 BLAMING #COVID19 DEAL ITSELF INSUFFICIENT VIEW", "count1": 0, "count2": 0, "count3": 1, "count4": 0}, {"Name": "sprucepointcap", "Time": 20200513, "Text": "We continue our primary due diligence on $FSCT including public FOIAs in process with gov't agencies. We want the p\u2026 https://t.co/APr3KEMm5T", "clean_text": "CONTINUE PRIMARY DILIGENCE FSCT INCLUDING PUBLIC FOIAS PROCESS GOVT AGENCIES", "count1": 0, "count2": 0, "count3": 1, "count4": 0}, {"Name": "sprucepointcap", "Time": 20200513, "Text": "Anyone read the fine print other than $FSCT lawyers and Spruce Point? Why in the 11th hour is the Company EXPANDING\u2026 https://t.co/3crzO0LhY0", "clean_text": "PRINT FSCT LAWYERS SPRUCE POINT 11TH COMPANY EXPANDING", "count1": 1, "count2": 0, "count3": 1, "count4": 0}, {"Name": "sprucepointcap", "Time": 20200513, "Text": "$FSCT surprise restructuring forbidden according to the merger document. Seems a strange move to us for Advent to a\u2026 https://t.co/D4undZcCLz", "clean_text": "FSCT SURPRISE RESTRUCTURING FORBIDDEN ACCORDING MERGER DOCUMENT STRANGE ADVENT", "count1": 0, "count2": 0, "count3": 1, "count4": 0}, {"Name": "sprucepointcap", "Time": 20200513, "Text": "We are perplexed why $FSCT would draw down on its credit facility with ample cash to bridge itself to a closing wit\u2026 https://t.co/S3qgytW5KO", "clean_text": "PERPLEXED FSCT DRAW DOWN CREDIT FACILITY AMPLE CASH BRIDGE ITSELF CLOSING WIT", "count1": 0, "count2": 0, "count3": 1, "count4": 1}, {"Name": "sprucepointcap", "Time": 20200513, "Text": "There are so many wannabe #SaaS #software companies out there. History will remember $FSCT as just another example\u2026 https://t.co/PGF6aqN4tm", "clean_text": "WANNABE #SAAS #SOFTWARE COMPANIES FSCT", "count1": 0, "count2": 1, "count3": 1, "count4": 0}, {"Name": "sprucepointcap", "Time": 20200511, "Text": "$FSCT Q1 2020 revenue implodes even more than \"illustrative\" guidance that was buried in the proxy of $62m. Comes i\u2026 https://t.co/jOvdhq87zW", "clean_text": "FSCT Q1 REVENUE IMPLODES ILLUSTRATIVE GUIDANCE PROXY 62M", "count1": 0, "count2": 0, "count3": 1, "count4": 0}, {"Name": "sprucepointcap", "Time": 20200511, "Text": "$FSCT commentary appears to be #smoke + #mirrors. Blaming #COVID19 even though \"illustrative guidance\" for Q1 was f\u2026 https://t.co/hex2eqom4m", "clean_text": "FSCT COMMENTARY #SMOKE #MIRRORS BLAMING #COVID19 ILLUSTRATIVE GUIDANCE Q1", "count1": 0, "count2": 0, "count3": 1, "count4": 0}, {"Name": "sprucepointcap", "Time": 20200511, "Text": "Time for $ORCC to hold that bring down due diligence call on $FSCT and ask itself how \"committed\"\n it is to a compa\u2026 https://t.co/2g6nN9KemC", "clean_text": "ORCC HOLD DOWN DILIGENCE FSCT ITSELF COMMITTED COMPA", "count1": 0, "count2": 0, "count3": 1, "count4": 1}]