["FIRE", {"Name": "UnionSquareGrp", "Time": 20200406, "Text": "RT @Sentieo: Insurance fraud?\nHuge spike in YoY search trends for \"how to set fire\" indicates this unfortunate development\n$BRK.a $CB $PGR\u2026", "clean_text": "@SENTIEO INSURANCE FRAUD HUGE SPIKE SEARCH TRENDS SET FIRE INDICATES UNFORTUNATE DEVELOPMENT BRKA CB PGR", "count1": 0, "count2": 0, "count3": 1, "count4": 0}, {"Name": "activiststocks", "Time": 20200404, "Text": "PG&amp;E Plan Has Broad Support From Fire Victims, Lawyers Say https://t.co/PApomWbbr9", "clean_text": "PGAMPE BROAD SUPPORT FIRE VICTIMS LAWYERS", "count1": 0, "count2": 0, "count3": 1, "count4": 0}, {"Name": "ShortSightedCap", "Time": 20200403, "Text": "That said, execution has been horrific at $GRA. Partially due to external factors (eg a refinery catching on fire),\u2026 https://t.co/Dm2JU7MLGZ", "clean_text": "EXECUTION HORRIFIC GRA PARTIALLY EXTERNAL FACTORS EG REFINERY CATCHING FIRE", "count1": 0, "count2": 0, "count3": 1, "count4": 0}]