["YIELDS", {"Name": "TruthGundlach", "Time": 20200309, "Text": "Once again today, junk bond yields are rising a significantly greater amount than Treasury yields are falling. And\u2026 https://t.co/2sesGKBY1S", "clean_text": "JUNK BOND YIELDS RISING SIGNIFICANTLY GREATER AMOUNT TREASURY YIELDS FALLING", "count1": 2, "count2": 0, "count3": 0, "count4": 0}, {"Name": "TruthGundlach", "Time": 20200307, "Text": "\u201cYields plunging\u201d headlines abound. Some yields are. But some are going the other way! And it\u2019s the ones going the\u2026 https://t.co/kbkoMqRZiz", "clean_text": "YIELDS PLUNGING\u201d HEADLINES ABOUND YIELDS", "count1": 2, "count2": 0, "count3": 0, "count4": 0}, {"Name": "BergenCapital", "Time": 20200307, "Text": "RT @albertedwards99: Rest assured @johnauthers, by the time \u2018this\u2019 is all over we will likely revisit 666 again with US 10y yields around -\u2026", "clean_text": "@ALBERTEDWARDS99 REST ASSURED @JOHNAUTHERS REVISIT 10Y YIELDS", "count1": 1, "count2": 0, "count3": 0, "count4": 0}, {"Name": "TruthGundlach", "Time": 20200228, "Text": "Junk bond yields are rising more rapidly than Treasury yields are falling. Even investment grade corporate bond yie\u2026 https://t.co/CcT392r7qW", "clean_text": "JUNK BOND YIELDS RISING RAPIDLY TREASURY YIELDS FALLING INVESTMENT GRADE CORPORATE BOND YIE", "count1": 2, "count2": 0, "count3": 0, "count4": 0}]