["VALUATION", {"Name": "PresciencePoint", "Time": 20200116, "Text": "Current valuation is ~5x what $MDLA valued itself internally less than a year ago.  Recent expiry of IPO share lock\u2026 https://t.co/5Ty1YdKVYY", "clean_text": "CURRENT VALUATION ~5X MDLA VALUED ITSELF INTERNALLY AGO RECENT EXPIRY IPO SHARE LOCK", "count1": 0, "count2": 0, "count3": 1, "count4": 0}, {"Name": "PresciencePoint", "Time": 20200116, "Text": "Since 2012, Medallia has done four equity raises, each at a lower valuation than the current multiple (P/LTM sales)\u2026 https://t.co/TnLx9asb2l", "clean_text": "MEDALLIA FOUR EQUITY RAISES LOWER VALUATION CURRENT MULTIPLE PLTM SALES", "count1": 0, "count2": 0, "count3": 1, "count4": 0}]