["FAIR", {"Name": "TMTanalyst", "Time": 20200117, "Text": "Fair but brutal article https://t.co/40UgreeStS", "clean_text": "FAIR BRUTAL ARTICLE", "count1": 0, "count2": 1, "count3": 0, "count4": 0}, {"Name": "PresciencePoint", "Time": 20200116, "Text": "We are short $MDLA and believe fair value is &gt;50% below current levels. Shares are trading over 13x sales despite a\u2026 https://t.co/VTMt9m0c4v", "clean_text": "SHORT MDLA BELIEVE FAIR VALUE GT50% BELOW CURRENT LEVELS SHARES TRADING 13X SALES DESPITE", "count1": 0, "count2": 1, "count3": 1, "count4": 0}]