["AGO", {"Name": "footnoted", "Time": 20200105, "Text": "Visited Kangaroo Island a long time ago, but still have lots of great memories of amazing wildlife there. Fires the\u2026 https://t.co/SSocX5dlp1", "clean_text": "VISITED KANGAROO ISLAND LONG AGO GREAT MEMORIES AMAZING WILDLIFE FIRES", "count1": 1, "count2": 0, "count3": 0, "count4": 0}, {"Name": "mjmauboussin", "Time": 20200101, "Text": "Got engaged 30 years ago today. Appropriate time to share my dedication in The Success Equation. Still true! https://t.co/0oxXqrSBHv", "clean_text": "ENGAGED AGO APPROPRIATE SHARE DEDICATION SUCCESS EQUATION", "count1": 1, "count2": 0, "count3": 0, "count4": 0}]