["LOW", {"Name": "ShortSightedCap", "Time": 20200314, "Text": "@6xCovLite @i_know_n0thing @amurjuev Solvency risk for a lessor like $AER is super low. \n\nYou can almost always pla\u2026 https://t.co/KCL3bbHybR", "clean_text": "@6XCOVLITE @I_KNOW_N0THING @AMURJUEV SOLVENCY RISK LESSOR AER SUPER LOW PLA", "count1": 0, "count2": 0, "count3": 0, "count4": 1}, {"Name": "GrantsPub", "Time": 20200310, "Text": "RT @biancoresearch: Not only was Fri/Mon the best two days in long bond history (see chart) but given the low yields and long durations, th\u2026", "clean_text": "@BIANCORESEARCH FRIMON BEST LONG BOND GIVEN LOW YIELDS LONG DURATIONS", "count1": 0, "count2": 0, "count3": 0, "count4": 1}]