["PAA", {"Name": "ActAccordingly", "Time": 20200408, "Text": "PAA Research Report: CM/RY: Should the \u201cBig 6\u201d Canadian Banks Raise Capital Right Now?  https://t.co/IPcisyvWVd", "clean_text": "PAA RESEARCH REPORT CMRY 6\u201d CANADIAN BANKS RAISE CAPITAL", "count1": 0, "count2": 1, "count3": 0, "count4": 0}, {"Name": "ActAccordingly", "Time": 20200403, "Text": "PAA Research Report: AYI:  What\u2019s the Cost of a Digital Transformation? For Shareholders, It Could Be a Lot; Our Re\u2026 https://t.co/p8IQT47JQ6", "clean_text": "PAA RESEARCH REPORT AYI COST DIGITAL TRANSFORMATION SHAREHOLDERS LOT RE", "count1": 0, "count2": 1, "count3": 0, "count4": 0}, {"Name": "ActAccordingly", "Time": 20200331, "Text": "PAA Research Report: STRA: This Is Not Your Uncle\u2019s Higher Ed Market; Secular Headwinds and Now a Demand Shock, Tim\u2026 https://t.co/ysI5A0LqOc", "clean_text": "PAA RESEARCH REPORT STRA UNCLES HIGHER ED SECULAR HEADWINDS DEMAND SHOCK TIM", "count1": 0, "count2": 1, "count3": 0, "count4": 0}, {"Name": "ActAccordingly", "Time": 20200327, "Text": "PAA Research Report: AYI: A perfect storm of demand destruction and continued competition from Asian imports has em\u2026 https://t.co/lGwJTZtA20", "clean_text": "PAA RESEARCH REPORT AYI PERFECT STORM DEMAND DESTRUCTION CONTINUED COMPETITION ASIAN IMPORTS EM", "count1": 0, "count2": 1, "count3": 0, "count4": 0}]