["DEBATE", {"Name": "TruthGundlach", "Time": 20200115, "Text": "The Democratic debate is about half over.  Unequivocal  winner is already obvious: President Trump. There seems to be no Democratic vision.", "clean_text": "DEMOCRATIC DEBATE HALF UNEQUIVOCAL WINNER ALREADY OBVIOUS PRESIDENT TRUMP DEMOCRATIC VISION", "count1": 0, "count2": 0, "count3": 0, "count4": 1}, {"Name": "TruthGundlach", "Time": 20200115, "Text": "I will give Bloomberg credit for one thing. Having the wisdom to realize this debate culling process is poor.  There has to be a better way.", "clean_text": "BLOOMBERG CREDIT WISDOM REALIZE DEBATE CULLING PROCESS POOR", "count1": 0, "count2": 0, "count3": 0, "count4": 1}]