["PODCAST", {"Name": "mjmauboussin", "Time": 20200314, "Text": "Listened to @patrick_oshag podcast with @bgurley and @chetanp, which was terrific. Chetan made a point that in his\u2026 https://t.co/LEhuT9eXva", "clean_text": "LISTENED @PATRICK_OSHAG PODCAST @CHETANP TERRIFIC CHETAN POINT", "count1": 1, "count2": 0, "count3": 0, "count4": 0}, {"Name": "GrantsPub", "Time": 20200314, "Text": "Grant's New Podcast: Your biggest mistake.\n@verdadcap https://t.co/aIBz11Apyw", "clean_text": "GRANT PODCAST BIGGEST MISTAKE @VERDADCAP", "count1": 1, "count2": 0, "count3": 0, "count4": 0}]