["AVAILABLE", {"Name": "footnoted", "Time": 20200316, "Text": "@LandisWeaver @J264B Those Form 4s would already be available. But someone like @AsifSuria would have a better handle on that than me.", "clean_text": "@LANDISWEAVER @J264B FORM 4S ALREADY AVAILABLE SOMEONE @ASIFSURIA HANDLE", "count1": 1, "count2": 0, "count3": 0, "count4": 0}, {"Name": "matt_levine", "Time": 20200306, "Text": "I do  not warrant that this newsletter will be available and error free every minute of the day. https://t.co/l7nLPUF0lf", "clean_text": "WARRANT NEWSLETTER AVAILABLE ERROR FREE MINUTE", "count1": 1, "count2": 0, "count3": 0, "count4": 0}]