["MISSING", {"Name": "Hedge_FundGirl", "Time": 20200405, "Text": "If this was the greatest economy ever, why are so many people flat out broke after missing a single paycheck? #deepthoughts", "clean_text": "GREATEST ECONOMY FLAT BROKE MISSING SINGLE PAYCHECK #DEEPTHOUGHTS", "count1": 0, "count2": 0, "count3": 1, "count4": 0}, {"Name": "sprucepointcap", "Time": 20200402, "Text": "@JoseRamonPQ @GlutnFree7 You obviously are missing the point. This current economic crisis will impact them severely worse than prior", "clean_text": "@JOSERAMONPQ @GLUTNFREE7 OBVIOUSLY MISSING POINT CURRENT ECONOMIC CRISIS IMPACT SEVERELY WORSE PRIOR", "count1": 0, "count2": 0, "count3": 1, "count4": 0}]