["WORKS", {"Name": "ShortSightedCap", "Time": 20200317, "Text": "@MrMojoRisinX Have wondered what works best as we recover - \n\nA) Generic growth / GARP\n\nB) eye-of-the-storm stocks\u2026 https://t.co/9Pjvdc6xAh", "clean_text": "@MRMOJORISINX WONDERED WORKS BEST RECOVER GENERIC GROWTH GARP EYEOFTHESTORM STOCKS", "count1": 0, "count2": 0, "count3": 0, "count4": 1}, {"Name": "ShortSightedCap", "Time": 20200317, "Text": "@MrMojoRisinX In truth I bought some names in each of these baskets - don\u2019t have the confidence to say which works best.", "clean_text": "@MRMOJORISINX TRUTH BOUGHT BASKETS CONFIDENCE WORKS BEST", "count1": 0, "count2": 0, "count3": 0, "count4": 1}]