["RATHER", {"Name": "DumbLuckCapital", "Time": 20200330, "Text": "I would rather watch Game 7\u2019s from decades ago on repeat than live sports today.  Never thought I\u2019d feel that way.\u2026 https://t.co/8CLrlGqnmO", "clean_text": "RATHER WATCH 7S DECADES AGO REPEAT SPORTS FEEL", "count1": 0, "count2": 1, "count3": 0, "count4": 0}, {"Name": "DumbLuckCapital", "Time": 20200328, "Text": "Rather quite indeed to be certain I do so reckon indubitably exquisite Mortimer https://t.co/AKovQ4iho5", "clean_text": "RATHER INDEED CERTAIN RECKON INDUBITABLY EXQUISITE MORTIMER", "count1": 0, "count2": 1, "count3": 0, "count4": 0}, {"Name": "Find_Me_Value", "Time": 20200325, "Text": "@tmcmill81 @nosunkcosts ...but rather, will they (US parks) be permanently impaired (my guess: no, not after a coup\u2026 https://t.co/PnSF6DraRx", "clean_text": "@TMCMILL81 @NOSUNKCOSTS RATHER PARKS PERMANENTLY IMPAIRED GUESS COUP", "count1": 0, "count2": 1, "count3": 0, "count4": 0}]