["AVAILABLE", {"Name": "activiststocks", "Time": 20200327, "Text": "RT @TheStalwart: NYC has run out of dogs. The crisis and confinement and need for comfort is completely eliminating the available inventory\u2026", "clean_text": "@THESTALWART NYC DOGS CRISIS CONFINEMENT COMFORT COMPLETELY ELIMINATING AVAILABLE INVENTORY", "count1": 0, "count2": 1, "count3": 0, "count4": 0}, {"Name": "State_IO", "Time": 20200326, "Text": "RT @SecPompeo: I am pleased to announce the U.S. has made available nearly $274 million in emergency health and humanitarian funding. Our l\u2026", "clean_text": "@SECPOMPEO PLEASED ANNOUNCE AVAILABLE EMERGENCY HEALTH HUMANITARIAN FUNDING", "count1": 0, "count2": 1, "count3": 0, "count4": 0}, {"Name": "footnoted", "Time": 20200316, "Text": "@LandisWeaver @J264B Those Form 4s would already be available. But someone like @AsifSuria would have a better handle on that than me.", "clean_text": "@LANDISWEAVER @J264B FORM 4S ALREADY AVAILABLE SOMEONE @ASIFSURIA HANDLE", "count1": 0, "count2": 1, "count3": 0, "count4": 0}]