["STOCK", {"Name": "sprucepointcap", "Time": 20200413, "Text": "How disgusted are $WDFC investors right now that mgmt blew into thin air $75m buying stock near all-time highs? Unf\u2026 https://t.co/b2qeWU8mYN", "clean_text": "DISGUSTED WDFC INVESTORS MGMT BLEW THIN AIR 75M BUYING STOCK ALLTIME HIGHS UNF", "count1": 1, "count2": 0, "count3": 0, "count4": 0}, {"Name": "sprucepointcap", "Time": 20200413, "Text": "/ @ewarren @BernieSanders see how foolish managers are. Look at $WDFC #WDFC made $75m disappear buying back stock n\u2026 https://t.co/DZQaJZaMU5", "clean_text": "@EWARREN @BERNIESANDERS FOOLISH MANAGERS WDFC #WDFC 75M DISAPPEAR BUYING STOCK", "count1": 1, "count2": 0, "count3": 0, "count4": 0}, {"Name": "marginalidea", "Time": 20200412, "Text": "RT @len0killer: (Guy who wore UNTUCKit to a custody hearing last week): Got the stock market right where I want it", "clean_text": "@LEN0KILLER WORE UNTUCKIT CUSTODY HEARING STOCK", "count1": 1, "count2": 0, "count3": 0, "count4": 0}, {"Name": "sprucepointcap", "Time": 20200409, "Text": "I'm no financial genius, but my guess is that now that only real buyer of $WDFC's overvalued stock ... um the compa\u2026 https://t.co/bifHpR2DMJ", "clean_text": "FINANCIAL GENIUS GUESS BUYER WDFC OVERVALUED STOCK UM COMPA", "count1": 1, "count2": 0, "count3": 0, "count4": 0}, {"Name": "herbgreenberg", "Time": 20200409, "Text": "I\u2019ve said it before, I\u2019ll say it again: With all casinos closed, there is only one game left in town - the stock market!", "clean_text": "ILL CASINOS CLOSED TOWN STOCK", "count1": 1, "count2": 0, "count3": 0, "count4": 0}, {"Name": "muddywatersre", "Time": 20200408, "Text": "MW is short $EHTH. In our view, it is a stock promotion. We believe its MA business is significantly unprofitable.\u2026 https://t.co/2UKTmlTGXw", "clean_text": "MW SHORT EHTH VIEW STOCK PROMOTION BELIEVE MA BUSINESS SIGNIFICANTLY UNPROFITABLE", "count1": 1, "count2": 0, "count3": 0, "count4": 0}, {"Name": "muddywatersre", "Time": 20200406, "Text": "RT @danharris: Let the record reflect that since 6-2019, we've been publicly calling for Chinese companies to be delisted from US stock exc\u2026", "clean_text": "@DANHARRIS REFLECT PUBLICLY CALLING CHINESE COMPANIES DELISTED STOCK EXC", "count1": 1, "count2": 0, "count3": 0, "count4": 0}, {"Name": "DumbLuckCapital", "Time": 20200403, "Text": "Guy on CNBC: \u201cthe so-called Darlings of the stock market.\u201d        \n\n...does he know?  $DAR", "clean_text": "CNBC SOCALLED DARLINGS STOCK MARKET\u201d DAR", "count1": 1, "count2": 0, "count3": 0, "count4": 0}]