["@I_KNOW_N0THING", {"Name": "ShortSightedCap", "Time": 20200314, "Text": "@6xCovLite @i_know_n0thing @amurjuev Solvency risk for a lessor like $AER is super low. \n\nYou can almost always pla\u2026 https://t.co/KCL3bbHybR", "clean_text": "@6XCOVLITE @I_KNOW_N0THING @AMURJUEV SOLVENCY RISK LESSOR AER SUPER LOW PLA", "count1": 0, "count2": 0, "count3": 1, "count4": 0}, {"Name": "ShortSightedCap", "Time": 20200314, "Text": "@6xCovLite @i_know_n0thing @amurjuev I\u2019m guessing they tapped their revolver just to be safe, like many other compa\u2026 https://t.co/ttZmpmgINx", "clean_text": "@6XCOVLITE @I_KNOW_N0THING @AMURJUEV GUESSING TAPPED REVOLVER SAFE COMPA", "count1": 0, "count2": 0, "count3": 1, "count4": 0}, {"Name": "ShortSightedCap", "Time": 20200314, "Text": "@6xCovLite @i_know_n0thing @amurjuev Depth of capacity cuts vs duration. And prospects for recovery (and speed of said recovery).", "clean_text": "@6XCOVLITE @I_KNOW_N0THING @AMURJUEV DEPTH CAPACITY CUTS DURATION PROSPECTS RECOVERY SPEED RECOVERY", "count1": 0, "count2": 0, "count3": 1, "count4": 0}, {"Name": "ShortSightedCap", "Time": 20200312, "Text": "@i_know_n0thing @amurjuev Yeah... I\u2019ve never seen AER trade like this.", "clean_text": "@I_KNOW_N0THING @AMURJUEV SEEN AER TRADE", "count1": 0, "count2": 0, "count3": 1, "count4": 0}]