["AGO", {"Name": "Jesse_Livermore", "Time": 20200508, "Text": "RT @ObsoleteDogma: Two months ago, we had the lowest unemployment rate in 50 years.\n\nToday, we have the highest unemployment rate in 80 yea\u2026", "clean_text": "@OBSOLETEDOGMA AGO LOWEST UNEMPLOYMENT RATE HIGHEST UNEMPLOYMENT RATE YEA", "count1": 0, "count2": 1, "count3": 0, "count4": 0}, {"Name": "Jesse_Livermore", "Time": 20200507, "Text": "RT @EconomPic: This (or Miller\u2019s 25 point quarter the prior year) was my peak NBA fandom moment growing up. \n\n25 years ago to the day. \n\nht\u2026", "clean_text": "@ECONOMPIC MILLERS POINT PRIOR PEAK NBA FANDOM MOMENT AGO HT", "count1": 0, "count2": 1, "count3": 0, "count4": 0}, {"Name": "ActAccordingly", "Time": 20200507, "Text": "Great example of the world we live in as it relates to tech (or quasi tech in this case): 18 mos. ago consensus EPS\u2026 https://t.co/2rdsg7UqS7", "clean_text": "GREAT RELATES TECH QUASI TECH CASE MOS AGO CONSENSUS EPS", "count1": 0, "count2": 1, "count3": 0, "count4": 0}, {"Name": "FatTailCapital", "Time": 20200504, "Text": "Wow\u2026 Over-levered retailers that should've gone out of business long ago are finally going bankrupt.\n\nDistressed co\u2026 https://t.co/iR1uTvuFrs", "clean_text": "OVERLEVERED RETAILERS SHOULDVE BUSINESS LONG AGO BANKRUPT DISTRESSED CO", "count1": 0, "count2": 1, "count3": 0, "count4": 0}, {"Name": "marginalidea", "Time": 20200503, "Text": "@KristinFernholz I bought stocks when two exes reached out one month ago to ask about the market", "clean_text": "@KRISTINFERNHOLZ BOUGHT STOCKS EXES REACHED AGO", "count1": 0, "count2": 1, "count3": 0, "count4": 0}, {"Name": "TruthGundlach", "Time": 20200501, "Text": "Check out my CNBC interview from September 18, 2019.  I just watched it for the first time.  It seems so long ago now.", "clean_text": "CHECK CNBC INTERVIEW SEPTEMBER WATCHED LONG AGO", "count1": 0, "count2": 1, "count3": 0, "count4": 0}, {"Name": "adoxen", "Time": 20200429, "Text": "@AlexRubalcava @aaronvalue Such a great post. I made the switch to community banking 10 years ago.", "clean_text": "@ALEXRUBALCAVA @AARONVALUE GREAT POST SWITCH COMMUNITY BANKING AGO", "count1": 0, "count2": 1, "count3": 0, "count4": 0}, {"Name": "probesreporter", "Time": 20200428, "Text": "RT @JohnPGavin: Covered nat gas in the past. We said the same things 25 years ago. Only difference is back then bankruptcy was an expected\u2026", "clean_text": "COVERED NAT GAS PAST AGO BANKRUPTCY EXPECTED", "count1": 0, "count2": 1, "count3": 0, "count4": 0}]