["COMPANIES", {"Name": "mjmauboussin", "Time": 20200102, "Text": "@Leonlinsx @michaelbatnick We use largest 1,500 companies.", "clean_text": "@LEONLINSX @MICHAELBATNICK LARGEST COMPANIES", "count1": 0, "count2": 0, "count3": 1, "count4": 0}, {"Name": "mjmauboussin", "Time": 20191229, "Text": "@DesaiAmeet @iyershekhar100 2/ Over time, high valuation companies tend to underperform low valuation companies (af\u2026 https://t.co/wu3hxLjUQg", "clean_text": "@DESAIAMEET @IYERSHEKHAR100 HIGH VALUATION COMPANIES TEND UNDERPERFORM LOW VALUATION COMPANIES AF", "count1": 0, "count2": 0, "count3": 2, "count4": 0}]