["BILL", {"Name": "marketfolly", "Time": 20200323, "Text": "RT @Street_Insider: On Bloomberg, Bill Ackman said he is all long, no shorts $SPY", "clean_text": "@STREET_INSIDER BLOOMBERG BILL ACKMAN LONG SHORTS SPY", "count1": 0, "count2": 1, "count3": 0, "count4": 0}, {"Name": "marketfolly", "Time": 20200318, "Text": "Here\u2019s the Bill Ackman interview from today https://t.co/E91QZd5vBa $HLT @BillAckman", "clean_text": "HERES BILL ACKMAN INTERVIEW HLT @BILLACKMAN", "count1": 0, "count2": 1, "count3": 0, "count4": 0}, {"Name": "FatTailCapital", "Time": 20200318, "Text": "@Noremax59 Fun fact: I was once 1 of 2 people David Einhorn followed because I think he thought I was actually Bill\u2026 https://t.co/HxobKPQuHJ", "clean_text": "@NOREMAX59 FUN FACT DAVID EINHORN FOLLOWED BILL", "count1": 0, "count2": 1, "count3": 0, "count4": 0}]