["@MSCI", {"Name": "muddywatersre", "Time": 20200509, "Text": "@EpsilonTheory @MsCI The CCP is a corrosive force globally for clean governance and human rights. Providing liquid\u2026 https://t.co/gSEhASp6ti", "clean_text": "@EPSILONTHEORY @MSCI CCP CORROSIVE FORCE GLOBALLY CLEAN GOVERNANCE HUMAN RIGHTS PROVIDING LIQUID", "count1": 0, "count2": 0, "count3": 0, "count4": 1}, {"Name": "muddywatersre", "Time": 20200509, "Text": "@EpsilonTheory @MsCI Ben, I would think that our willingful blindness to CCP-fostered systematic transgressions in\u2026 https://t.co/UPW5cRIRCI", "clean_text": "@EPSILONTHEORY @MSCI BEN WILLINGFUL BLINDNESS CCPFOSTERED SYSTEMATIC TRANSGRESSIONS", "count1": 0, "count2": 0, "count3": 0, "count4": 1}]