["AVAILABLE", {"Name": "footnoted", "Time": 20200214, "Text": "It\u2019s 5:20 pm and the last available filing in EDGAR is time-stamped 16:56. So that\u2019s a 25 minute gap right now. https://t.co/uMkdgkCSj0", "clean_text": "PM AVAILABLE FILING EDGAR TIMESTAMPED MINUTE GAP", "count1": 0, "count2": 0, "count3": 1, "count4": 0}, {"Name": "ActAccordingly", "Time": 20200212, "Text": "RT @Noursalehi: The order book functionality is now available on Dinosaur Financial Group (https://t.co/6xcGAuUCjg) via @tzero technology.\u2026", "clean_text": "@NOURSALEHI ORDER BOOK FUNCTIONALITY AVAILABLE DINOSAUR FINANCIAL @TZERO TECHNOLOGY", "count1": 0, "count2": 0, "count3": 1, "count4": 0}]