["GUIDE", {"Name": "mjmauboussin", "Time": 20191231, "Text": "Just finished my final book of the year, Artificial Intelligence: A Guide for Thinking Humans, by @MelMitchell1. Th\u2026 https://t.co/PbMNyYvb8k", "clean_text": "FINISHED FINAL BOOK ARTIFICIAL INTELLIGENCE GUIDE THINKING HUMANS @MELMITCHELL1", "count1": 0, "count2": 0, "count3": 0, "count4": 1}, {"Name": "mjmauboussin", "Time": 20191227, "Text": "RT @investing_city: 5/ ...alas, if you're still here, let's carry on. \n\nWith a big sample size, we let history guide our view of what is re\u2026", "clean_text": "@INVESTING_CITY ALAS CARRY SAMPLE SIZE GUIDE VIEW RE", "count1": 0, "count2": 0, "count3": 0, "count4": 1}]