["BRILLIANT", {"Name": "mjmauboussin", "Time": 20200401, "Text": "RT @R_Thaler: Brilliant piece by Michael Lewis. Needs to go viral so please RT https://t.co/F6TdVndVdn", "clean_text": "@R_THALER BRILLIANT PIECE MICHAEL LEWIS VIRAL", "count1": 0, "count2": 1, "count3": 0, "count4": 1}, {"Name": "mjmauboussin", "Time": 20200321, "Text": "RT @PTetlock: Creative force here is a brilliant statistician, Ville Satopaa, who developed the BIN model for decomposing the variance &amp; is\u2026", "clean_text": "@PTETLOCK CREATIVE FORCE BRILLIANT STATISTICIAN VILLE SATOPAA DEVELOPED BIN MODEL DECOMPOSING VARIANCE AMP", "count1": 0, "count2": 0, "count3": 0, "count4": 1}]