["POTENTIAL", {"Name": "Find_Me_Value", "Time": 20200421, "Text": "The potential integration and tech looks amazing for both $NTDOY and $CMCSA (read for more) https://t.co/PFXOtCLLf6", "clean_text": "POTENTIAL INTEGRATION TECH AMAZING NTDOY CMCSA", "count1": 0, "count2": 0, "count3": 0, "count4": 1}, {"Name": "probesreporter", "Time": 20200417, "Text": "RT @JohnPGavin: Watch for covid-induced promotions like these. They hold potential for accounting trickery -\n\n1. Carvana offering 90 day pa\u2026", "clean_text": "WATCH COVIDINDUCED PROMOTIONS HOLD POTENTIAL ACCOUNTING TRICKERY CARVANA OFFERING PA", "count1": 0, "count2": 0, "count3": 0, "count4": 1}, {"Name": "ShortSightedCap", "Time": 20200417, "Text": "@analogcap @SkeleCap But this is why you perform due diligence on potential employers just like you would an invest\u2026 https://t.co/oB0S4YHU4a", "clean_text": "@ANALOGCAP @SKELECAP PERFORM DILIGENCE POTENTIAL EMPLOYERS INVEST", "count1": 0, "count2": 0, "count3": 0, "count4": 1}, {"Name": "probesreporter", "Time": 20200415, "Text": "RT @JohnPGavin: Offers potential for much greater manipulation of revenue on the income statement.  Analysis of cash flow takes on added im\u2026", "clean_text": "OFFERS POTENTIAL GREATER MANIPULATION REVENUE INCOME STATEMENT ANALYSIS CASH FLOW ADDED", "count1": 0, "count2": 0, "count3": 0, "count4": 1}, {"Name": "marketfolly", "Time": 20200414, "Text": "@yourMTLbroker Devil\u2019s advocate: VRSN monopoly status vs oligopolies for others listed. Potential implications for\u2026 https://t.co/bKC2iLPo6i", "clean_text": "@YOURMTLBROKER DEVILS ADVOCATE VRSN MONOPOLY STATUS OLIGOPOLIES POTENTIAL IMPLICATIONS", "count1": 0, "count2": 0, "count3": 0, "count4": 1}, {"Name": "sprucepointcap", "Time": 20200413, "Text": "We find it extremely #troubling that a new Risk Factor in $WDFC #WDFC 10-Q talks about potential receivable write-o\u2026 https://t.co/UOu4CmFv7E", "clean_text": "EXTREMELY #TROUBLING RISK FACTOR WDFC #WDFC 10Q POTENTIAL RECEIVABLE WRITEO", "count1": 0, "count2": 0, "count3": 0, "count4": 1}]