["CAR", {"Name": "GrantsPub", "Time": 20200107, "Text": "The average new car cost a record $34,602 in Dec. according to J.D. Power and LMC Automotive... representing 55% of\u2026 https://t.co/D9CV1Swx8J", "clean_text": "AVERAGE CAR COST ACCORDING JD POWER LMC AUTOMOTIVE REPRESENTING 55%", "count1": 0, "count2": 0, "count3": 0, "count4": 1}, {"Name": "BergenCapital", "Time": 20200105, "Text": "RT @ricburton: Dear @elonmusk,\n\nMy dad has never bought a new car in his life. I convinced him to buy a @Tesla.\n\nYesterday it slammed on th\u2026", "clean_text": "@RICBURTON DEAR @ELONMUSK DAD BOUGHT CAR CONVINCED BUY @TESLA YESTERDAY SLAMMED", "count1": 0, "count2": 0, "count3": 0, "count4": 1}]