["@SCHAUDENFRAUD", {"Name": "fundiescapital", "Time": 20200430, "Text": "RT @schaudenfraud: What companies continued to repurchase shares in late March?", "clean_text": "@SCHAUDENFRAUD COMPANIES CONTINUED REPURCHASE SHARES LATE MARCH", "count1": 0, "count2": 0, "count3": 1, "count4": 0}, {"Name": "marginalidea", "Time": 20200429, "Text": "@schaudenfraud Tfw it go from going down in the DM, to the DMs going down", "clean_text": "@SCHAUDENFRAUD TFW DOWN DM DMS DOWN", "count1": 0, "count2": 0, "count3": 1, "count4": 0}, {"Name": "marginalidea", "Time": 20200426, "Text": "@schaudenfraud Yes and good luck enforcing them ever again", "clean_text": "@SCHAUDENFRAUD GOOD LUCK ENFORCING", "count1": 0, "count2": 0, "count3": 1, "count4": 0}, {"Name": "cablecarcapital", "Time": 20200419, "Text": "@schaudenfraud Relevant: https://t.co/eWu5et2TLD", "clean_text": "@SCHAUDENFRAUD RELEVANT", "count1": 0, "count2": 0, "count3": 1, "count4": 0}]