["PREDICTIT", {"Name": "TruthGundlach", "Time": 20200202, "Text": "Predictit shows there are 3 front runners for the Democratic nomination. All 3 are octogenarian-ish white men. New ideas, vigor &amp; diversity?", "clean_text": "PREDICTIT FRONT RUNNERS DEMOCRATIC NOMINATION OCTOGENARIANISH IDEAS VIGOR AMP DIVERSITY", "count1": 0, "count2": 0, "count3": 1, "count4": 0}, {"Name": "TruthGundlach", "Time": 20200126, "Text": "One of the biggest 1 day moves today on Predictit Dem nominee odds w/ very little news save for an Iowa poll, though it was good for Bernie.", "clean_text": "BIGGEST MOVES PREDICTIT DEM NOMINEE ODDS SAVE IOWA POLL GOOD BERNIE", "count1": 0, "count2": 0, "count3": 1, "count4": 0}]