["FED", {"Name": "GrantsPub", "Time": 20200113, "Text": "RT @CoveringDelta: Jim Grant, editor of @GrantsPub explains why recent Fed interventions are more significant than mainstream market commen\u2026", "clean_text": "@COVERINGDELTA JIM GRANT EDITOR @GRANTSPUB EXPLAINS RECENT FED INTERVENTIONS SIGNIFICANT MAINSTREAM COMMEN", "count1": 0, "count2": 0, "count3": 0, "count4": 1}, {"Name": "GrantsPub", "Time": 20200108, "Text": "RT @CoveringDelta: I'm recording an episode of @HiddenForcesPod with Jim Grant tomorrow. I've spent the past day pouring through Fed minute\u2026", "clean_text": "@COVERINGDELTA RECORDING EPISODE @HIDDENFORCESPOD JIM GRANT TOMORROW SPENT PAST POURING FED MINUTE", "count1": 0, "count2": 0, "count3": 0, "count4": 1}]