["WELL", {"Name": "PresciencePoint", "Time": 20200205, "Text": "@Medallia @nypostbiz $CSPR cuts IPO price range by 36%, well below its private market valuation a year ago. $MDLA w\u2026 https://t.co/aiFnzCfgP7", "clean_text": "@MEDALLIA @NYPOSTBIZ CSPR CUTS IPO PRICE RANGE 36% WELL BELOW PRIVATE VALUATION AGO MDLA", "count1": 1, "count2": 0, "count3": 0, "count4": 0}, {"Name": "KerrisdaleCap", "Time": 20200128, "Text": "@RampCapitalLLC @roundhill We own all except $EA, and frankly like $EA as well. $HUYA is largest position at the firm", "clean_text": "@RAMPCAPITALLLC @ROUNDHILL EXCEPT EA FRANKLY EA WELL HUYA LARGEST POSITION FIRM", "count1": 1, "count2": 0, "count3": 0, "count4": 0}]